Date,USDEUR Crncy
1999-01-01,0.8475
1999-01-04,0.8448
1999-01-05,0.8502
1999-01-06,0.86
1999-01-07,0.8538
1999-01-08,0.8632
1999-01-11,0.87
1999-01-12,0.865
1999-01-13,0.857
1999-01-14,0.8554
1999-01-15,0.8654
1999-01-18,0.8611
1999-01-19,0.8624
1999-01-20,0.8647
1999-01-21,0.8619
1999-01-22,0.863
1999-01-25,0.8669
1999-01-26,0.865
1999-01-27,0.8737
1999-01-28,0.8757
1999-01-29,0.8801
1999-02-01,0.8843
1999-02-02,0.881
1999-02-03,0.8839
1999-02-04,0.8818
1999-02-05,0.8876
1999-02-08,0.8831
1999-02-09,0.8838
1999-02-10,0.8829
1999-02-11,0.8909
1999-02-12,0.8843
1999-02-15,0.8909
1999-02-16,0.8921
1999-02-17,0.889
1999-02-18,0.8933
1999-02-19,0.9034
1999-02-22,0.9073
1999-02-23,0.9085
1999-02-24,0.9085
1999-02-25,0.9062
1999-02-26,0.9067
1999-03-01,0.9181
1999-03-02,0.9139
1999-03-03,0.9195
1999-03-04,0.926
1999-03-05,0.924
1999-03-08,0.9184
1999-03-09,0.919
1999-03-10,0.9138
1999-03-11,0.9056
1999-03-12,0.917
1999-03-15,0.9147
1999-03-16,0.9094
1999-03-17,0.9089
1999-03-18,0.9114
1999-03-19,0.9178
1999-03-22,0.9168
1999-03-23,0.918
1999-03-24,0.9199
1999-03-25,0.9226
1999-03-26,0.9259
1999-03-29,0.9318
1999-03-30,0.9318
1999-03-31,0.9292
1999-04-01,0.9264
1999-04-02,0.9271
1999-04-05,0.9335
1999-04-06,0.9234
1999-04-07,0.9281
1999-04-08,0.9309
1999-04-09,0.9262
1999-04-12,0.9256
1999-04-13,0.9275
1999-04-14,0.9258
1999-04-15,0.9334
1999-04-16,0.9341
1999-04-19,0.9381
1999-04-20,0.9411
1999-04-21,0.9448
1999-04-22,0.9393
1999-04-23,0.9435
1999-04-26,0.9443
1999-04-27,0.9379
1999-04-28,0.9415
1999-04-29,0.9427
1999-04-30,0.9461
1999-05-03,0.9463
1999-05-04,0.9407
1999-05-05,0.9292
1999-05-06,0.9266
1999-05-07,0.9296
1999-05-10,0.9275
1999-05-11,0.9334
1999-05-12,0.9393
1999-05-13,0.9384
1999-05-14,0.9382
1999-05-17,0.937
1999-05-18,0.9369
1999-05-19,0.9378
1999-05-20,0.9414
1999-05-21,0.9447
1999-05-24,0.9428
1999-05-25,0.9413
1999-05-26,0.9576
1999-05-27,0.9594
1999-05-28,0.9589
1999-05-31,0.9597
1999-06-01,0.9571
1999-06-02,0.9653
1999-06-03,0.9685
1999-06-04,0.9637
1999-06-07,0.9682
1999-06-08,0.9555
1999-06-09,0.9555
1999-06-10,0.9539
1999-06-11,0.9507
1999-06-14,0.9594
1999-06-15,0.959
1999-06-16,0.9701
1999-06-17,0.9668
1999-06-18,0.9617
1999-06-21,0.9665
1999-06-22,0.9685
1999-06-23,0.9674
1999-06-24,0.9603
1999-06-25,0.9588
1999-06-28,0.968
1999-06-29,0.9691
1999-06-30,0.9661
1999-07-01,0.9775
1999-07-02,0.9757
1999-07-05,0.9782
1999-07-06,0.9769
1999-07-07,0.9783
1999-07-08,0.9783
1999-07-09,0.9808
1999-07-12,0.9857
1999-07-13,0.9833
1999-07-14,0.9865
1999-07-15,0.9814
1999-07-16,0.9803
1999-07-19,0.9696
1999-07-20,0.9615
1999-07-21,0.9524
1999-07-22,0.9517
1999-07-23,0.9519
1999-07-26,0.9392
1999-07-27,0.9405
1999-07-28,0.9379
1999-07-29,0.9324
1999-07-30,0.9335
1999-08-02,0.9354
1999-08-03,0.9363
1999-08-04,0.928
1999-08-05,0.9295
1999-08-06,0.9308
1999-08-09,0.9331
1999-08-10,0.9337
1999-08-11,0.9383
1999-08-12,0.9369
1999-08-13,0.9463
1999-08-16,0.9451
1999-08-17,0.9517
1999-08-18,0.9506
1999-08-19,0.9395
1999-08-20,0.937
1999-08-23,0.9532
1999-08-24,0.9484
1999-08-25,0.9593
1999-08-26,0.9567
1999-08-27,0.9557
1999-08-30,0.9539
1999-08-31,0.9464
1999-09-01,0.945
1999-09-02,0.9355
1999-09-03,0.9422
1999-09-06,0.9456
1999-09-07,0.9446
1999-09-08,0.9436
1999-09-09,0.9489
1999-09-10,0.9639
1999-09-13,0.9592
1999-09-14,0.9654
1999-09-15,0.9607
1999-09-16,0.963
1999-09-17,0.9594
1999-09-20,0.9656
1999-09-21,0.9531
1999-09-22,0.9579
1999-09-23,0.952
1999-09-24,0.9579
1999-09-27,0.9558
1999-09-28,0.9501
1999-09-29,0.9394
1999-09-30,0.936
1999-10-01,0.9324
1999-10-04,0.9314
1999-10-05,0.9314
1999-10-06,0.9357
1999-10-07,0.9331
1999-10-08,0.9405
1999-10-11,0.94
1999-10-12,0.9283
1999-10-13,0.9254
1999-10-14,0.9279
1999-10-15,0.9179
1999-10-18,0.9248
1999-10-19,0.9238
1999-10-20,0.9302
1999-10-21,0.9258
1999-10-22,0.9355
1999-10-25,0.9368
1999-10-26,0.944
1999-10-27,0.9508
1999-10-28,0.9514
1999-10-29,0.948
1999-11-01,0.9512
1999-11-02,0.9499
1999-11-03,0.9534
1999-11-04,0.9639
1999-11-05,0.9596
1999-11-08,0.963
1999-11-09,0.9612
1999-11-10,0.9572
1999-11-11,0.961
1999-11-12,0.9692
1999-11-15,0.9678
1999-11-16,0.9706
1999-11-17,0.9601
1999-11-18,0.9712
1999-11-19,0.9709
1999-11-22,0.9689
1999-11-23,0.9729
1999-11-24,0.9818
1999-11-25,0.9824
1999-11-26,0.984
1999-11-29,0.9897
1999-11-30,0.9908
1999-12-01,0.9914
1999-12-02,0.9987
1999-12-03,0.9982
1999-12-06,0.9777
1999-12-07,0.9752
1999-12-08,0.973
1999-12-09,0.979
1999-12-10,0.9868
1999-12-13,0.9858
1999-12-14,0.9942
1999-12-15,0.993
1999-12-16,0.9833
1999-12-17,0.9913
1999-12-20,0.9869
1999-12-21,0.9916
1999-12-22,0.9907
1999-12-23,0.9846
1999-12-24,0.9891
1999-12-27,0.9869
1999-12-28,0.993
1999-12-29,0.9949
1999-12-30,0.9914
1999-12-31,0.9938
2000-01-03,0.9763
2000-01-04,0.9713
2000-01-05,0.9689
2000-01-06,0.9682
2000-01-07,0.9713
2000-01-10,0.975
2000-01-11,0.9675
2000-01-12,0.97
2000-01-13,0.9748
2000-01-14,0.9879
2000-01-17,0.9879
2000-01-18,0.9865
2000-01-19,0.9869
2000-01-20,0.9835
2000-01-21,0.9903
2000-01-24,0.9929
2000-01-25,0.9991
2000-01-26,0.9981
2000-01-27,1.0119
2000-01-28,1.026
2000-01-31,1.0302
2000-02-01,1.0298
2000-02-02,1.0241
2000-02-03,1.0107
2000-02-04,1.0171
2000-02-07,1.0188
2000-02-08,1.0147
2000-02-09,1.0058
2000-02-10,1.0148
2000-02-11,1.0127
2000-02-14,1.0222
2000-02-15,1.0188
2000-02-16,1.0139
2000-02-17,1.0124
2000-02-18,1.0164
2000-02-21,1.0125
2000-02-22,0.9962
2000-02-23,0.9964
2000-02-24,1.0081
2000-02-25,1.0257
2000-02-28,1.03
2000-02-29,1.0371
2000-03-01,1.0281
2000-03-02,1.0356
2000-03-03,1.0432
2000-03-06,1.0432
2000-03-07,1.0434
2000-03-08,1.0406
2000-03-09,1.0342
2000-03-10,1.0377
2000-03-13,1.0371
2000-03-14,1.0324
2000-03-15,1.0342
2000-03-16,1.0314
2000-03-17,1.0287
2000-03-20,1.028
2000-03-21,1.04
2000-03-22,1.0406
2000-03-23,1.0293
2000-03-24,1.0226
2000-03-27,1.0339
2000-03-28,1.0411
2000-03-29,1.0511
2000-03-30,1.0403
2000-03-31,1.0466
2000-04-03,1.0468
2000-04-04,1.0421
2000-04-05,1.039
2000-04-06,1.0434
2000-04-07,1.0468
2000-04-10,1.0387
2000-04-11,1.0425
2000-04-12,1.0428
2000-04-13,1.05
2000-04-14,1.0393
2000-04-17,1.0496
2000-04-18,1.0579
2000-04-19,1.0636
2000-04-20,1.0668
2000-04-21,1.0655
2000-04-24,1.0661
2000-04-25,1.086
2000-04-26,1.0828
2000-04-27,1.099
2000-04-28,1.0966
2000-05-01,1.0919
2000-05-02,1.0989
2000-05-03,1.1176
2000-05-04,1.1242
2000-05-05,1.1148
2000-05-08,1.114
2000-05-09,1.1019
2000-05-10,1.1028
2000-05-11,1.1091
2000-05-12,1.0873
2000-05-15,1.0975
2000-05-16,1.1107
2000-05-17,1.1162
2000-05-18,1.1178
2000-05-19,1.1142
2000-05-22,1.1073
2000-05-23,1.1024
2000-05-24,1.1057
2000-05-25,1.0971
2000-05-26,1.0742
2000-05-29,1.0792
2000-05-30,1.0752
2000-05-31,1.0661
2000-06-01,1.0739
2000-06-02,1.0567
2000-06-05,1.055
2000-06-06,1.0473
2000-06-07,1.0393
2000-06-08,1.046
2000-06-09,1.0487
2000-06-12,1.0484
2000-06-13,1.0421
2000-06-14,1.044
2000-06-15,1.0474
2000-06-16,1.0363
2000-06-19,1.0453
2000-06-20,1.0473
2000-06-21,1.0591
2000-06-22,1.0689
2000-06-23,1.0685
2000-06-26,1.0673
2000-06-27,1.0572
2000-06-28,1.0637
2000-06-29,1.0504
2000-06-30,1.0499
2000-07-03,1.0524
2000-07-04,1.0512
2000-07-05,1.0499
2000-07-06,1.0519
2000-07-07,1.0544
2000-07-10,1.0468
2000-07-11,1.0496
2000-07-12,1.0611
2000-07-13,1.067
2000-07-14,1.0655
2000-07-17,1.0677
2000-07-18,1.0813
2000-07-19,1.0815
2000-07-20,1.0717
2000-07-21,1.0673
2000-07-24,1.071
2000-07-25,1.0655
2000-07-26,1.0607
2000-07-27,1.0733
2000-07-28,1.0834
2000-07-31,1.0792
2000-08-01,1.0933
2000-08-02,1.0946
2000-08-03,1.1036
2000-08-04,1.101
2000-08-07,1.1024
2000-08-08,1.1084
2000-08-09,1.1104
2000-08-10,1.101
2000-08-11,1.1079
2000-08-14,1.1042
2000-08-15,1.0947
2000-08-16,1.0916
2000-08-17,1.0915
2000-08-18,1.1033
2000-08-21,1.109
2000-08-22,1.1156
2000-08-23,1.109
2000-08-24,1.1085
2000-08-25,1.1085
2000-08-28,1.1109
2000-08-29,1.121
2000-08-30,1.1186
2000-08-31,1.1264
2000-09-01,1.1115
2000-09-04,1.1138
2000-09-05,1.1232
2000-09-06,1.1492
2000-09-07,1.1477
2000-09-08,1.1531
2000-09-11,1.1659
2000-09-12,1.1574
2000-09-13,1.1636
2000-09-14,1.1569
2000-09-15,1.1705
2000-09-18,1.1714
2000-09-19,1.1752
2000-09-20,1.1774
2000-09-21,1.1629
2000-09-22,1.1408
2000-09-25,1.1435
2000-09-26,1.1328
2000-09-27,1.132
2000-09-28,1.1375
2000-09-29,1.1329
2000-10-02,1.1399
2000-10-03,1.1419
2000-10-04,1.1434
2000-10-05,1.1506
2000-10-06,1.1515
2000-10-09,1.1511
2000-10-10,1.1473
2000-10-11,1.1517
2000-10-12,1.1587
2000-10-13,1.1682
2000-10-16,1.1767
2000-10-17,1.1705
2000-10-18,1.192
2000-10-19,1.1854
2000-10-20,1.1875
2000-10-23,1.197
2000-10-24,1.1963
2000-10-25,1.2089
2000-10-26,1.2044
2000-10-27,1.1915
2000-10-30,1.1889
2000-10-31,1.178
2000-11-01,1.1612
2000-11-02,1.165
2000-11-03,1.1539
2000-11-06,1.1594
2000-11-07,1.1628
2000-11-08,1.1689
2000-11-09,1.1539
2000-11-10,1.1633
2000-11-13,1.1667
2000-11-14,1.166
2000-11-15,1.1662
2000-11-16,1.1721
2000-11-17,1.1795
2000-11-20,1.1745
2000-11-21,1.1848
2000-11-22,1.1825
2000-11-23,1.1915
2000-11-24,1.1933
2000-11-27,1.1725
2000-11-28,1.1684
2000-11-29,1.1658
2000-11-30,1.1456
2000-12-01,1.1365
2000-12-04,1.1291
2000-12-05,1.1365
2000-12-06,1.1211
2000-12-07,1.1255
2000-12-08,1.1251
2000-12-11,1.1386
2000-12-12,1.1371
2000-12-13,1.1403
2000-12-14,1.1207
2000-12-15,1.1153
2000-12-18,1.1161
2000-12-19,1.1169
2000-12-20,1.0997
2000-12-21,1.091
2000-12-22,1.0832
2000-12-25,1.0803
2000-12-26,1.0749
2000-12-27,1.0739
2000-12-28,1.0757
2000-12-29,1.0608
2001-01-01,1.0612
2001-01-02,1.0508
2001-01-03,1.0776
2001-01-04,1.0532
2001-01-05,1.0449
2001-01-08,1.0563
2001-01-09,1.06
2001-01-10,1.0672
2001-01-11,1.0505
2001-01-12,1.0512
2001-01-15,1.0616
2001-01-16,1.0608
2001-01-17,1.0686
2001-01-18,1.0604
2001-01-19,1.0704
2001-01-22,1.0653
2001-01-23,1.0686
2001-01-24,1.0827
2001-01-25,1.0818
2001-01-26,1.0818
2001-01-29,1.0903
2001-01-30,1.079
2001-01-31,1.0677
2001-02-01,1.0652
2001-02-02,1.0679
2001-02-05,1.0667
2001-02-06,1.0741
2001-02-07,1.077
2001-02-08,1.0899
2001-02-09,1.082
2001-02-12,1.0727
2001-02-13,1.086
2001-02-14,1.0893
2001-02-15,1.1046
2001-02-16,1.0929
2001-02-19,1.0853
2001-02-20,1.0972
2001-02-21,1.0988
2001-02-22,1.1064
2001-02-23,1.0898
2001-02-26,1.0977
2001-02-27,1.0898
2001-02-28,1.0827
2001-03-01,1.0748
2001-03-02,1.0686
2001-03-05,1.0769
2001-03-06,1.071
2001-03-07,1.0758
2001-03-08,1.0718
2001-03-09,1.072
2001-03-12,1.0763
2001-03-13,1.0927
2001-03-14,1.0972
2001-03-15,1.1143
2001-03-16,1.1138
2001-03-19,1.1112
2001-03-20,1.0996
2001-03-21,1.1154
2001-03-22,1.1246
2001-03-23,1.1237
2001-03-26,1.1154
2001-03-27,1.1188
2001-03-28,1.1279
2001-03-29,1.1337
2001-03-30,1.1406
2001-04-02,1.1374
2001-04-03,1.1141
2001-04-04,1.1098
2001-04-05,1.1151
2001-04-06,1.106
2001-04-09,1.1152
2001-04-10,1.1251
2001-04-11,1.1263
2001-04-12,1.1203
2001-04-13,1.1259
2001-04-16,1.1247
2001-04-17,1.1319
2001-04-18,1.1319
2001-04-19,1.1142
2001-04-20,1.1084
2001-04-23,1.1158
2001-04-24,1.1183
2001-04-25,1.1142
2001-04-26,1.1069
2001-04-27,1.1213
2001-04-30,1.1247
2001-05-01,1.1202
2001-05-02,1.1187
2001-05-03,1.1237
2001-05-04,1.1204
2001-05-07,1.1232
2001-05-08,1.1299
2001-05-09,1.1283
2001-05-10,1.1346
2001-05-11,1.1425
2001-05-14,1.144
2001-05-15,1.1383
2001-05-16,1.1325
2001-05-17,1.1328
2001-05-18,1.1346
2001-05-21,1.1405
2001-05-22,1.1555
2001-05-23,1.1671
2001-05-24,1.1674
2001-05-25,1.1613
2001-05-28,1.1624
2001-05-29,1.1689
2001-05-30,1.1671
2001-05-31,1.183
2001-06-01,1.1799
2001-06-04,1.1825
2001-06-05,1.171
2001-06-06,1.1795
2001-06-07,1.1752
2001-06-08,1.1758
2001-06-11,1.1871
2001-06-12,1.1716
2001-06-13,1.1692
2001-06-14,1.1596
2001-06-15,1.1614
2001-06-18,1.1617
2001-06-19,1.171
2001-06-20,1.17
2001-06-21,1.1701
2001-06-22,1.166
2001-06-25,1.164
2001-06-26,1.1581
2001-06-27,1.1632
2001-06-28,1.1846
2001-06-29,1.1779
2001-07-02,1.1795
2001-07-03,1.1787
2001-07-04,1.1816
2001-07-05,1.1956
2001-07-06,1.1798
2001-07-09,1.1765
2001-07-10,1.1696
2001-07-11,1.1644
2001-07-12,1.1715
2001-07-13,1.17
2001-07-16,1.1734
2001-07-17,1.1635
2001-07-18,1.1448
2001-07-19,1.1484
2001-07-20,1.148
2001-07-23,1.1507
2001-07-24,1.1443
2001-07-25,1.1347
2001-07-26,1.1393
2001-07-27,1.1397
2001-07-30,1.1439
2001-07-31,1.141
2001-08-01,1.1351
2001-08-02,1.1317
2001-08-03,1.1307
2001-08-06,1.1347
2001-08-07,1.1393
2001-08-08,1.1358
2001-08-09,1.1207
2001-08-10,1.1193
2001-08-13,1.1154
2001-08-14,1.1072
2001-08-15,1.0941
2001-08-16,1.0971
2001-08-17,1.0891
2001-08-20,1.0936
2001-08-21,1.0891
2001-08-22,1.0936
2001-08-23,1.0928
2001-08-24,1.0939
2001-08-27,1.0971
2001-08-28,1.0954
2001-08-29,1.1002
2001-08-30,1.0916
2001-08-31,1.0961
2001-09-03,1.1019
2001-09-04,1.125
2001-09-05,1.128
2001-09-06,1.1164
2001-09-07,1.1019
2001-09-10,1.1136
2001-09-11,1.0952
2001-09-12,1.103
2001-09-13,1.0977
2001-09-14,1.0861
2001-09-17,1.0814
2001-09-18,1.0786
2001-09-19,1.0791
2001-09-20,1.0779
2001-09-21,1.093
2001-09-24,1.0904
2001-09-25,1.0837
2001-09-26,1.0833
2001-09-27,1.089
2001-09-28,1.0972
2001-10-01,1.0899
2001-10-02,1.0883
2001-10-03,1.0935
2001-10-04,1.0896
2001-10-05,1.089
2001-10-08,1.0864
2001-10-09,1.0951
2001-10-10,1.0977
2001-10-11,1.1083
2001-10-12,1.0971
2001-10-15,1.0999
2001-10-16,1.1008
2001-10-17,1.1067
2001-10-18,1.1073
2001-10-19,1.1121
2001-10-22,1.1211
2001-10-23,1.123
2001-10-24,1.1183
2001-10-25,1.1204
2001-10-26,1.1198
2001-10-29,1.1045
2001-10-30,1.1055
2001-10-31,1.1105
2001-11-01,1.108
2001-11-02,1.1078
2001-11-05,1.114
2001-11-06,1.1177
2001-11-07,1.1141
2001-11-08,1.1206
2001-11-09,1.1187
2001-11-12,1.1191
2001-11-13,1.1351
2001-11-14,1.1334
2001-11-15,1.1342
2001-11-16,1.1308
2001-11-19,1.1375
2001-11-20,1.1321
2001-11-21,1.1382
2001-11-22,1.1391
2001-11-23,1.139
2001-11-26,1.136
2001-11-27,1.132
2001-11-28,1.1265
2001-11-29,1.1268
2001-11-30,1.1156
2001-12-03,1.1222
2001-12-04,1.1228
2001-12-05,1.1257
2001-12-06,1.1169
2001-12-07,1.1233
2001-12-10,1.1227
2001-12-11,1.1204
2001-12-12,1.113
2001-12-13,1.1191
2001-12-14,1.1063
2001-12-17,1.1085
2001-12-18,1.1063
2001-12-19,1.1107
2001-12-20,1.1111
2001-12-21,1.1246
2001-12-24,1.1403
2001-12-25,1.138
2001-12-26,1.1355
2001-12-27,1.1326
2001-12-28,1.1293
2001-12-31,1.1242
2002-01-01,1.1242
2002-01-02,1.1071
2002-01-03,1.1125
2002-01-04,1.1174
2002-01-07,1.1197
2002-01-08,1.1196
2002-01-09,1.122
2002-01-10,1.1216
2002-01-11,1.1206
2002-01-14,1.1183
2002-01-15,1.132
2002-01-16,1.1324
2002-01-17,1.1347
2002-01-18,1.1302
2002-01-21,1.1316
2002-01-22,1.1273
2002-01-23,1.1384
2002-01-24,1.1387
2002-01-25,1.1561
2002-01-28,1.1606
2002-01-29,1.1551
2002-01-30,1.161
2002-01-31,1.1636
2002-02-01,1.1604
2002-02-04,1.1497
2002-02-05,1.1525
2002-02-06,1.1529
2002-02-07,1.1492
2002-02-08,1.1465
2002-02-11,1.1408
2002-02-12,1.1405
2002-02-13,1.1482
2002-02-14,1.1446
2002-02-15,1.145
2002-02-18,1.1488
2002-02-19,1.1412
2002-02-20,1.1497
2002-02-21,1.1489
2002-02-22,1.1422
2002-02-25,1.1501
2002-02-26,1.1574
2002-02-27,1.1554
2002-02-28,1.1502
2002-03-01,1.1554
2002-03-04,1.1505
2002-03-05,1.1472
2002-03-06,1.1409
2002-03-07,1.1343
2002-03-08,1.143
2002-03-11,1.1426
2002-03-12,1.1418
2002-03-13,1.1416
2002-03-14,1.1331
2002-03-15,1.1328
2002-03-18,1.1328
2002-03-19,1.1333
2002-03-20,1.1293
2002-03-21,1.1328
2002-03-22,1.1391
2002-03-25,1.1403
2002-03-26,1.1405
2002-03-27,1.1461
2002-03-28,1.1478
2002-03-29,1.1472
2002-04-01,1.1356
2002-04-02,1.1371
2002-04-03,1.1351
2002-04-04,1.1383
2002-04-05,1.1386
2002-04-08,1.1429
2002-04-09,1.1349
2002-04-10,1.1361
2002-04-11,1.1333
2002-04-12,1.1371
2002-04-15,1.137
2002-04-16,1.1329
2002-04-17,1.1231
2002-04-18,1.1222
2002-04-19,1.1203
2002-04-22,1.1244
2002-04-23,1.1255
2002-04-24,1.1202
2002-04-25,1.1136
2002-04-26,1.1088
2002-04-29,1.1071
2002-04-30,1.1105
2002-05-01,1.1033
2002-05-02,1.1072
2002-05-03,1.0902
2002-05-06,1.089
2002-05-07,1.0931
2002-05-08,1.1055
2002-05-09,1.0997
2002-05-10,1.0941
2002-05-13,1.0964
2002-05-14,1.1079
2002-05-15,1.0966
2002-05-16,1.0978
2002-05-17,1.0866
2002-05-20,1.0855
2002-05-21,1.087
2002-05-22,1.0799
2002-05-23,1.0857
2002-05-24,1.086
2002-05-27,1.0862
2002-05-28,1.0769
2002-05-29,1.0695
2002-05-30,1.0672
2002-05-31,1.0704
2002-06-03,1.0617
2002-06-04,1.0645
2002-06-05,1.065
2002-06-06,1.0555
2002-06-07,1.0599
2002-06-10,1.0588
2002-06-11,1.0547
2002-06-12,1.0599
2002-06-13,1.06
2002-06-14,1.057
2002-06-17,1.0584
2002-06-18,1.0508
2002-06-19,1.0441
2002-06-20,1.0365
2002-06-21,1.03
2002-06-24,1.0302
2002-06-25,1.0208
2002-06-26,1.0177
2002-06-27,1.0118
2002-06-28,1.0086
2002-07-01,1.0083
2002-07-02,1.0137
2002-07-03,1.0199
2002-07-04,1.0218
2002-07-05,1.0281
2002-07-08,1.0093
2002-07-09,1.0069
2002-07-10,1.0108
2002-07-11,1.0124
2002-07-12,1.0087
2002-07-15,0.9973
2002-07-16,0.9884
2002-07-17,0.9927
2002-07-18,0.9885
2002-07-19,0.9885
2002-07-22,0.9915
2002-07-23,1.0113
2002-07-24,1.0043
2002-07-25,0.9952
2002-07-26,1.0137
2002-07-29,1.019
2002-07-30,1.0173
2002-07-31,1.0229
2002-08-01,1.0157
2002-08-02,1.0135
2002-08-05,1.0202
2002-08-06,1.0352
2002-08-07,1.026
2002-08-08,1.034
2002-08-09,1.0308
2002-08-12,1.0218
2002-08-13,1.0166
2002-08-14,1.0223
2002-08-15,1.0187
2002-08-16,1.0155
2002-08-19,1.0247
2002-08-20,1.0217
2002-08-21,1.0194
2002-08-22,1.0322
2002-08-23,1.0276
2002-08-26,1.029
2002-08-27,1.0176
2002-08-28,1.0219
2002-08-29,1.0163
2002-08-30,1.018
2002-09-02,1.0157
2002-09-03,1.0025
2002-09-04,1.0082
2002-09-05,1.0085
2002-09-06,1.0184
2002-09-09,1.0208
2002-09-10,1.0259
2002-09-11,1.0245
2002-09-12,1.0188
2002-09-13,1.029
2002-09-16,1.0321
2002-09-17,1.0267
2002-09-18,1.0227
2002-09-19,1.0129
2002-09-20,1.0177
2002-09-23,1.0219
2002-09-24,1.0185
2002-09-25,1.0242
2002-09-26,1.0233
2002-09-27,1.0197
2002-09-30,1.0136
2002-10-01,1.0177
2002-10-02,1.0136
2002-10-03,1.0121
2002-10-04,1.0217
2002-10-07,1.0174
2002-10-08,1.0213
2002-10-09,1.0099
2002-10-10,1.014
2002-10-11,1.0127
2002-10-14,1.013
2002-10-15,1.0185
2002-10-16,1.0195
2002-10-17,1.0302
2002-10-18,1.0294
2002-10-21,1.0271
2002-10-22,1.0229
2002-10-23,1.0253
2002-10-24,1.0226
2002-10-25,1.0248
2002-10-28,1.0163
2002-10-29,1.0172
2002-10-30,1.0163
2002-10-31,1.0098
2002-11-01,1.0034
2002-11-04,1.002
2002-11-05,1.0002
2002-11-06,0.9961
2002-11-07,0.9904
2002-11-08,0.987
2002-11-11,0.9893
2002-11-12,0.9872
2002-11-13,0.9917
2002-11-14,0.9959
2002-11-15,0.9903
2002-11-18,0.991
2002-11-19,0.9976
2002-11-20,0.9987
2002-11-21,0.9974
2002-11-22,1.0032
2002-11-25,1.0078
2002-11-26,1.0063
2002-11-27,1.0098
2002-11-28,1.0063
2002-11-29,1.0057
2002-12-02,1.0032
2002-12-03,1.0028
2002-12-04,0.9991
2002-12-05,0.9994
2002-12-06,0.991
2002-12-09,0.9892
2002-12-10,0.9919
2002-12-11,0.9914
2002-12-12,0.9817
2002-12-13,0.9765
2002-12-16,0.9782
2002-12-17,0.9731
2002-12-18,0.9729
2002-12-19,0.9736
2002-12-20,0.9731
2002-12-23,0.974
2002-12-24,0.9709
2002-12-25,0.9691
2002-12-26,0.9635
2002-12-27,0.9607
2002-12-30,0.9531
2002-12-31,0.9529
2003-01-01,0.953
2003-01-02,0.9654
2003-01-03,0.959
2003-01-06,0.9563
2003-01-07,0.9608
2003-01-08,0.9524
2003-01-09,0.9539
2003-01-10,0.9453
2003-01-13,0.9487
2003-01-14,0.9477
2003-01-15,0.9468
2003-01-16,0.9417
2003-01-17,0.9363
2003-01-20,0.9361
2003-01-21,0.9329
2003-01-22,0.9317
2003-01-23,0.9306
2003-01-24,0.9236
2003-01-27,0.9215
2003-01-28,0.9243
2003-01-29,0.9225
2003-01-30,0.9253
2003-01-31,0.9287
2003-02-03,0.9265
2003-02-04,0.9186
2003-02-05,0.9271
2003-02-06,0.9229
2003-02-07,0.9239
2003-02-10,0.9326
2003-02-11,0.9315
2003-02-12,0.9334
2003-02-13,0.9231
2003-02-14,0.9265
2003-02-17,0.9327
2003-02-18,0.9354
2003-02-19,0.9303
2003-02-20,0.9241
2003-02-21,0.9265
2003-02-24,0.926
2003-02-25,0.9294
2003-02-26,0.9263
2003-02-27,0.9306
2003-02-28,0.9253
2003-03-03,0.9181
2003-03-04,0.9156
2003-03-05,0.9114
2003-03-06,0.9117
2003-03-07,0.9082
2003-03-10,0.9044
2003-03-11,0.9053
2003-03-12,0.9098
2003-03-13,0.9272
2003-03-14,0.9303
2003-03-17,0.9406
2003-03-18,0.9401
2003-03-19,0.9463
2003-03-20,0.942
2003-03-21,0.9501
2003-03-24,0.9395
2003-03-25,0.9383
2003-03-26,0.935
2003-03-27,0.9357
2003-03-28,0.9277
2003-03-31,0.9161
2003-04-01,0.9154
2003-04-02,0.9285
2003-04-03,0.9292
2003-04-04,0.9313
2003-04-07,0.935
2003-04-08,0.9335
2003-04-09,0.9281
2003-04-10,0.9274
2003-04-11,0.9301
2003-04-14,0.9282
2003-04-15,0.926
2003-04-16,0.9167
2003-04-17,0.9189
2003-04-18,0.9192
2003-04-21,0.9197
2003-04-22,0.9111
2003-04-23,0.912
2003-04-24,0.9063
2003-04-25,0.9061
2003-04-28,0.9103
2003-04-29,0.9026
2003-04-30,0.8942
2003-05-01,0.8902
2003-05-02,0.8906
2003-05-05,0.8855
2003-05-06,0.8739
2003-05-07,0.8806
2003-05-08,0.8706
2003-05-09,0.8707
2003-05-12,0.8648
2003-05-13,0.8675
2003-05-14,0.8708
2003-05-15,0.8785
2003-05-16,0.8627
2003-05-19,0.8578
2003-05-20,0.8535
2003-05-21,0.8596
2003-05-22,0.8553
2003-05-23,0.845
2003-05-26,0.8422
2003-05-27,0.846
2003-05-28,0.8504
2003-05-29,0.8397
2003-05-30,0.8482
2003-06-02,0.85
2003-06-03,0.8526
2003-06-04,0.8589
2003-06-05,0.8442
2003-06-06,0.8547
2003-06-09,0.8537
2003-06-10,0.8565
2003-06-11,0.8511
2003-06-12,0.8499
2003-06-13,0.8425
2003-06-16,0.8459
2003-06-17,0.8486
2003-06-18,0.8552
2003-06-19,0.8534
2003-06-20,0.8616
2003-06-23,0.8651
2003-06-24,0.8688
2003-06-25,0.8674
2003-06-26,0.8752
2003-06-27,0.8747
2003-06-30,0.8687
2003-07-01,0.8649
2003-07-02,0.8668
2003-07-03,0.8696
2003-07-04,0.8704
2003-07-07,0.8838
2003-07-08,0.8833
2003-07-09,0.8811
2003-07-10,0.8788
2003-07-11,0.8856
2003-07-14,0.8864
2003-07-15,0.8946
2003-07-16,0.8914
2003-07-17,0.8919
2003-07-18,0.887
2003-07-21,0.8807
2003-07-22,0.883
2003-07-23,0.8707
2003-07-24,0.8714
2003-07-25,0.869
2003-07-28,0.8699
2003-07-29,0.8738
2003-07-30,0.8815
2003-07-31,0.8904
2003-08-01,0.8875
2003-08-04,0.8804
2003-08-05,0.8781
2003-08-06,0.8825
2003-08-07,0.8793
2003-08-08,0.8843
2003-08-11,0.8802
2003-08-12,0.8863
2003-08-13,0.8832
2003-08-14,0.8878
2003-08-15,0.8876
2003-08-18,0.8971
2003-08-19,0.8979
2003-08-20,0.8993
2003-08-21,0.9155
2003-08-22,0.9195
2003-08-25,0.9197
2003-08-26,0.9211
2003-08-27,0.9185
2003-08-28,0.9188
2003-08-29,0.9101
2003-09-01,0.9118
2003-09-02,0.9252
2003-09-03,0.922
2003-09-04,0.9135
2003-09-05,0.9006
2003-09-08,0.9037
2003-09-09,0.8906
2003-09-10,0.8921
2003-09-11,0.8921
2003-09-12,0.8857
2003-09-15,0.8863
2003-09-16,0.8948
2003-09-17,0.8862
2003-09-18,0.8887
2003-09-19,0.8795
2003-09-22,0.8725
2003-09-23,0.8739
2003-09-24,0.8699
2003-09-25,0.8703
2003-09-26,0.8723
2003-09-29,0.8624
2003-09-30,0.8579
2003-10-01,0.8534
2003-10-02,0.8551
2003-10-03,0.8635
2003-10-06,0.8541
2003-10-07,0.8503
2003-10-08,0.8467
2003-10-09,0.8514
2003-10-10,0.8474
2003-10-13,0.8544
2003-10-14,0.8531
2003-10-15,0.8594
2003-10-16,0.8631
2003-10-17,0.8561
2003-10-20,0.8595
2003-10-21,0.8571
2003-10-22,0.8472
2003-10-23,0.8481
2003-10-24,0.8488
2003-10-27,0.8515
2003-10-28,0.8569
2003-10-29,0.8574
2003-10-30,0.8601
2003-10-31,0.8625
2003-11-03,0.8725
2003-11-04,0.87
2003-11-05,0.8744
2003-11-06,0.876
2003-11-07,0.8677
2003-11-10,0.871
2003-11-11,0.8684
2003-11-12,0.8596
2003-11-13,0.8522
2003-11-14,0.849
2003-11-17,0.8512
2003-11-18,0.8352
2003-11-19,0.8419
2003-11-20,0.8396
2003-11-21,0.8394
2003-11-24,0.8496
2003-11-25,0.8481
2003-11-26,0.8374
2003-11-27,0.8397
2003-11-28,0.8338
2003-12-01,0.835
2003-12-02,0.8276
2003-12-03,0.8258
2003-12-04,0.8275
2003-12-05,0.8218
2003-12-08,0.8183
2003-12-09,0.816
2003-12-10,0.8183
2003-12-11,0.8182
2003-12-12,0.8146
2003-12-15,0.8116
2003-12-16,0.8113
2003-12-17,0.8057
2003-12-18,0.8048
2003-12-19,0.8082
2003-12-22,0.8066
2003-12-23,0.8069
2003-12-24,0.8033
2003-12-25,0.803
2003-12-26,0.8046
2003-12-29,0.801
2003-12-30,0.7969
2003-12-31,0.794
2004-01-01,0.7971
2004-01-02,0.7947
2004-01-05,0.789
2004-01-06,0.7857
2004-01-07,0.7918
2004-01-08,0.7835
2004-01-09,0.78
2004-01-12,0.7844
2004-01-13,0.7829
2004-01-14,0.7907
2004-01-15,0.7949
2004-01-16,0.8069
2004-01-19,0.8097
2004-01-20,0.7949
2004-01-21,0.7909
2004-01-22,0.7863
2004-01-23,0.7948
2004-01-26,0.8025
2004-01-27,0.7909
2004-01-28,0.8017
2004-01-29,0.8058
2004-01-30,0.8015
2004-02-02,0.8049
2004-02-03,0.7972
2004-02-04,0.7978
2004-02-05,0.797
2004-02-06,0.7872
2004-02-09,0.7873
2004-02-10,0.7892
2004-02-11,0.7795
2004-02-12,0.7805
2004-02-13,0.7849
2004-02-16,0.783
2004-02-17,0.7788
2004-02-18,0.7882
2004-02-19,0.7865
2004-02-20,0.7978
2004-02-23,0.7964
2004-02-24,0.7931
2004-02-25,0.7999
2004-02-26,0.804
2004-02-27,0.8005
2004-03-01,0.8027
2004-03-02,0.8187
2004-03-03,0.8192
2004-03-04,0.8196
2004-03-05,0.8069
2004-03-08,0.806
2004-03-09,0.8114
2004-03-10,0.818
2004-03-11,0.8094
2004-03-12,0.8187
2004-03-15,0.8152
2004-03-16,0.8149
2004-03-17,0.8172
2004-03-18,0.8071
2004-03-19,0.8137
2004-03-22,0.8107
2004-03-23,0.8105
2004-03-24,0.8241
2004-03-25,0.8243
2004-03-26,0.8243
2004-03-29,0.8224
2004-03-30,0.8218
2004-03-31,0.812
2004-04-01,0.8087
2004-04-02,0.8239
2004-04-05,0.8321
2004-04-06,0.8253
2004-04-07,0.8215
2004-04-08,0.8273
2004-04-09,0.8268
2004-04-12,0.8281
2004-04-13,0.8371
2004-04-14,0.836
2004-04-15,0.8345
2004-04-16,0.8338
2004-04-19,0.8316
2004-04-20,0.8428
2004-04-21,0.8444
2004-04-22,0.84
2004-04-23,0.8445
2004-04-26,0.8427
2004-04-27,0.8388
2004-04-28,0.8447
2004-04-29,0.836
2004-04-30,0.835
2004-05-03,0.8371
2004-05-04,0.8265
2004-05-05,0.8214
2004-05-06,0.8277
2004-05-07,0.8414
2004-05-10,0.844
2004-05-11,0.8423
2004-05-12,0.8403
2004-05-13,0.846
2004-05-14,0.8415
2004-05-17,0.8314
2004-05-18,0.8367
2004-05-19,0.8326
2004-05-20,0.8359
2004-05-21,0.8348
2004-05-24,0.8331
2004-05-25,0.826
2004-05-26,0.8262
2004-05-27,0.8156
2004-05-28,0.8181
2004-05-31,0.8205
2004-06-01,0.8166
2004-06-02,0.8187
2004-06-03,0.8178
2004-06-04,0.8141
2004-06-07,0.8117
2004-06-08,0.8151
2004-06-09,0.8301
2004-06-10,0.826
2004-06-11,0.833
2004-06-14,0.8295
2004-06-15,0.8223
2004-06-16,0.8327
2004-06-17,0.8295
2004-06-18,0.8239
2004-06-21,0.8255
2004-06-22,0.826
2004-06-23,0.827
2004-06-24,0.8217
2004-06-25,0.8214
2004-06-28,0.8207
2004-06-29,0.8276
2004-06-30,0.8196
2004-07-01,0.8225
2004-07-02,0.8117
2004-07-05,0.8137
2004-07-06,0.814
2004-07-07,0.8083
2004-07-08,0.8073
2004-07-09,0.8056
2004-07-12,0.8061
2004-07-13,0.8111
2004-07-14,0.8077
2004-07-15,0.8094
2004-07-16,0.8031
2004-07-19,0.8039
2004-07-20,0.811
2004-07-21,0.8157
2004-07-22,0.8159
2004-07-23,0.8268
2004-07-26,0.8235
2004-07-27,0.8295
2004-07-28,0.8295
2004-07-29,0.8303
2004-07-30,0.8321
2004-08-02,0.8315
2004-08-03,0.8292
2004-08-04,0.83
2004-08-05,0.8295
2004-08-06,0.8144
2004-08-09,0.815
2004-08-10,0.8172
2004-08-11,0.8186
2004-08-12,0.816
2004-08-13,0.8082
2004-08-16,0.8089
2004-08-17,0.8095
2004-08-18,0.8107
2004-08-19,0.8086
2004-08-20,0.8119
2004-08-23,0.8235
2004-08-24,0.8279
2004-08-25,0.8277
2004-08-26,0.8263
2004-08-27,0.8326
2004-08-30,0.8298
2004-08-31,0.8208
2004-09-01,0.8203
2004-09-02,0.8215
2004-09-03,0.8292
2004-09-06,0.8288
2004-09-07,0.8258
2004-09-08,0.8207
2004-09-09,0.8188
2004-09-10,0.8156
2004-09-13,0.8158
2004-09-14,0.8161
2004-09-15,0.823
2004-09-16,0.8207
2004-09-17,0.8205
2004-09-20,0.8213
2004-09-21,0.8106
2004-09-22,0.8153
2004-09-23,0.8149
2004-09-24,0.8147
2004-09-27,0.8134
2004-09-28,0.8112
2004-09-29,0.8108
2004-09-30,0.8041
2004-10-01,0.8056
2004-10-04,0.8139
2004-10-05,0.8122
2004-10-06,0.8138
2004-10-07,0.814
2004-10-08,0.8059
2004-10-11,0.8072
2004-10-12,0.8112
2004-10-13,0.8098
2004-10-14,0.8072
2004-10-15,0.8018
2004-10-18,0.8004
2004-10-19,0.7992
2004-10-20,0.7943
2004-10-21,0.7927
2004-10-22,0.7885
2004-10-25,0.7808
2004-10-26,0.7833
2004-10-27,0.7866
2004-10-28,0.7846
2004-10-29,0.7814
2004-11-01,0.7843
2004-11-02,0.7847
2004-11-03,0.7798
2004-11-04,0.7769
2004-11-05,0.7714
2004-11-08,0.774
2004-11-09,0.7752
2004-11-10,0.7759
2004-11-11,0.7749
2004-11-12,0.7708
2004-11-15,0.7723
2004-11-16,0.7718
2004-11-17,0.7672
2004-11-18,0.7716
2004-11-19,0.7677
2004-11-22,0.7663
2004-11-23,0.7641
2004-11-24,0.7584
2004-11-25,0.7537
2004-11-26,0.7521
2004-11-29,0.7531
2004-11-30,0.7532
2004-12-01,0.7493
2004-12-02,0.7537
2004-12-03,0.7433
2004-12-06,0.746
2004-12-07,0.7452
2004-12-08,0.7498
2004-12-09,0.7513
2004-12-10,0.7561
2004-12-13,0.7511
2004-12-14,0.7521
2004-12-15,0.7467
2004-12-16,0.7552
2004-12-17,0.7514
2004-12-20,0.7465
2004-12-21,0.7479
2004-12-22,0.7468
2004-12-23,0.74
2004-12-24,0.7391
2004-12-27,0.7344
2004-12-28,0.7346
2004-12-29,0.7349
2004-12-30,0.7333
2004-12-31,0.7378
2005-01-03,0.7427
2005-01-04,0.753
2005-01-05,0.7541
2005-01-06,0.7592
2005-01-07,0.7661
2005-01-10,0.7647
2005-01-11,0.7629
2005-01-12,0.7544
2005-01-13,0.7562
2005-01-14,0.7627
2005-01-17,0.7653
2005-01-18,0.768
2005-01-19,0.7686
2005-01-20,0.7715
2005-01-21,0.7666
2005-01-24,0.7657
2005-01-25,0.7708
2005-01-26,0.7649
2005-01-27,0.7667
2005-01-28,0.767
2005-01-31,0.767
2005-02-01,0.7664
2005-02-02,0.7677
2005-02-03,0.7708
2005-02-04,0.7772
2005-02-07,0.7839
2005-02-08,0.7836
2005-02-09,0.781
2005-02-10,0.7768
2005-02-11,0.7772
2005-02-14,0.7707
2005-02-15,0.7677
2005-02-16,0.7675
2005-02-17,0.7651
2005-02-18,0.765
2005-02-21,0.7653
2005-02-22,0.7542
2005-02-23,0.7567
2005-02-24,0.7578
2005-02-25,0.7549
2005-02-28,0.7561
2005-03-01,0.7583
2005-03-02,0.7611
2005-03-03,0.7628
2005-03-04,0.7554
2005-03-07,0.7568
2005-03-08,0.7494
2005-03-09,0.7467
2005-03-10,0.7452
2005-03-11,0.7431
2005-03-14,0.748
2005-03-15,0.7516
2005-03-16,0.7453
2005-03-17,0.7476
2005-03-18,0.7503
2005-03-21,0.7601
2005-03-22,0.7644
2005-03-23,0.7701
2005-03-24,0.7729
2005-03-25,0.7717
2005-03-28,0.7753
2005-03-29,0.7738
2005-03-30,0.7744
2005-03-31,0.7713
2005-04-01,0.7747
2005-04-04,0.7784
2005-04-05,0.7769
2005-04-06,0.777
2005-04-07,0.7778
2005-04-08,0.7733
2005-04-11,0.7709
2005-04-12,0.774
2005-04-13,0.7742
2005-04-14,0.7806
2005-04-15,0.7736
2005-04-18,0.7678
2005-04-19,0.7655
2005-04-20,0.7641
2005-04-21,0.7664
2005-04-22,0.7654
2005-04-25,0.769
2005-04-26,0.7701
2005-04-27,0.7734
2005-04-28,0.7756
2005-04-29,0.7769
2005-05-02,0.7774
2005-05-03,0.7769
2005-05-04,0.7725
2005-05-05,0.7718
2005-05-06,0.7802
2005-05-09,0.7786
2005-05-10,0.7763
2005-05-11,0.7803
2005-05-12,0.7877
2005-05-13,0.7918
2005-05-16,0.7909
2005-05-17,0.7933
2005-05-18,0.7886
2005-05-19,0.791
2005-05-20,0.7961
2005-05-23,0.795
2005-05-24,0.7946
2005-05-25,0.7937
2005-05-26,0.7993
2005-05-27,0.7947
2005-05-30,0.8016
2005-05-31,0.8127
2005-06-01,0.8211
2005-06-02,0.8151
2005-06-03,0.8174
2005-06-06,0.8157
2005-06-07,0.814
2005-06-08,0.8174
2005-06-09,0.8177
2005-06-10,0.8252
2005-06-13,0.8258
2005-06-14,0.8313
2005-06-15,0.8254
2005-06-16,0.8259
2005-06-17,0.8139
2005-06-20,0.8228
2005-06-21,0.8207
2005-06-22,0.8245
2005-06-23,0.8305
2005-06-24,0.827
2005-06-27,0.8223
2005-06-28,0.8296
2005-06-29,0.8284
2005-06-30,0.826
2005-07-01,0.8365
2005-07-04,0.8402
2005-07-05,0.8395
2005-07-06,0.8381
2005-07-07,0.8368
2005-07-08,0.8357
2005-07-11,0.8284
2005-07-12,0.8169
2005-07-13,0.8269
2005-07-14,0.8275
2005-07-15,0.8307
2005-07-18,0.8297
2005-07-19,0.8309
2005-07-20,0.8237
2005-07-21,0.8216
2005-07-22,0.8291
2005-07-25,0.8292
2005-07-26,0.8324
2005-07-27,0.8285
2005-07-28,0.8239
2005-07-29,0.825
2005-08-01,0.8211
2005-08-02,0.8202
2005-08-03,0.8106
2005-08-04,0.8075
2005-08-05,0.8093
2005-08-08,0.8097
2005-08-09,0.8084
2005-08-10,0.8079
2005-08-11,0.8019
2005-08-12,0.8039
2005-08-15,0.8086
2005-08-16,0.8088
2005-08-17,0.8148
2005-08-18,0.8214
2005-08-19,0.8227
2005-08-22,0.8177
2005-08-23,0.8173
2005-08-24,0.8148
2005-08-25,0.8129
2005-08-26,0.814
2005-08-29,0.8174
2005-08-30,0.8185
2005-08-31,0.8099
2005-09-01,0.8001
2005-09-02,0.798
2005-09-05,0.7975
2005-09-06,0.8021
2005-09-07,0.8054
2005-09-08,0.8066
2005-09-09,0.8058
2005-09-12,0.8141
2005-09-13,0.8151
2005-09-14,0.8138
2005-09-15,0.8181
2005-09-16,0.8171
2005-09-19,0.8238
2005-09-20,0.8253
2005-09-21,0.8187
2005-09-22,0.8227
2005-09-23,0.8305
2005-09-26,0.8285
2005-09-27,0.8325
2005-09-28,0.8307
2005-09-29,0.8312
2005-09-30,0.8315
2005-10-03,0.8391
2005-10-04,0.8391
2005-10-05,0.8352
2005-10-06,0.821
2005-10-07,0.8244
2005-10-10,0.8287
2005-10-11,0.8339
2005-10-12,0.8316
2005-10-13,0.8316
2005-10-14,0.8282
2005-10-17,0.8316
2005-10-18,0.8361
2005-10-19,0.8339
2005-10-20,0.8316
2005-10-21,0.8366
2005-10-24,0.8343
2005-10-25,0.826
2005-10-26,0.8286
2005-10-27,0.8237
2005-10-28,0.8285
2005-10-31,0.8339
2005-11-01,0.8319
2005-11-02,0.8283
2005-11-03,0.8372
2005-11-04,0.8466
2005-11-07,0.8472
2005-11-08,0.8489
2005-11-09,0.85
2005-11-10,0.8558
2005-11-11,0.8524
2005-11-14,0.8557
2005-11-15,0.8533
2005-11-16,0.8569
2005-11-17,0.8511
2005-11-18,0.8493
2005-11-21,0.8528
2005-11-22,0.8463
2005-11-23,0.8458
2005-11-24,0.8484
2005-11-25,0.853
2005-11-28,0.844
2005-11-29,0.849
2005-11-30,0.8484
2005-12-01,0.8521
2005-12-02,0.8535
2005-12-05,0.8483
2005-12-06,0.8489
2005-12-07,0.8531
2005-12-08,0.8462
2005-12-09,0.8466
2005-12-12,0.8365
2005-12-13,0.8371
2005-12-14,0.8333
2005-12-15,0.8348
2005-12-16,0.8323
2005-12-19,0.8328
2005-12-20,0.8432
2005-12-21,0.845
2005-12-22,0.8426
2005-12-23,0.8426
2005-12-26,0.8442
2005-12-27,0.8456
2005-12-28,0.8452
2005-12-29,0.8446
2005-12-30,0.844
2006-01-02,0.8461
2006-01-03,0.8321
2006-01-04,0.8252
2006-01-05,0.8258
2006-01-06,0.8229
2006-01-09,0.8274
2006-01-10,0.8288
2006-01-11,0.8246
2006-01-12,0.8308
2006-01-13,0.8236
2006-01-16,0.8247
2006-01-17,0.8261
2006-01-18,0.8255
2006-01-19,0.8266
2006-01-20,0.824
2006-01-23,0.8126
2006-01-24,0.8143
2006-01-25,0.8173
2006-01-26,0.8192
2006-01-27,0.8268
2006-01-30,0.8272
2006-01-31,0.8226
2006-02-01,0.8288
2006-02-02,0.827
2006-02-03,0.8317
2006-02-06,0.8357
2006-02-07,0.8346
2006-02-08,0.8361
2006-02-09,0.8348
2006-02-10,0.8402
2006-02-13,0.8405
2006-02-14,0.8392
2006-02-15,0.8411
2006-02-16,0.8399
2006-02-17,0.8376
2006-02-20,0.8378
2006-02-21,0.8395
2006-02-22,0.8394
2006-02-23,0.8391
2006-02-24,0.842
2006-02-27,0.8442
2006-02-28,0.8388
2006-03-01,0.8387
2006-03-02,0.8307
2006-03-03,0.8302
2006-03-06,0.8322
2006-03-07,0.8413
2006-03-08,0.8384
2006-03-09,0.8397
2006-03-10,0.8396
2006-03-13,0.8358
2006-03-14,0.8325
2006-03-15,0.8285
2006-03-16,0.8207
2006-03-17,0.8203
2006-03-20,0.8221
2006-03-21,0.8268
2006-03-22,0.828
2006-03-23,0.8353
2006-03-24,0.8309
2006-03-27,0.8322
2006-03-28,0.8333
2006-03-29,0.8316
2006-03-30,0.8222
2006-03-31,0.8254
2006-04-03,0.8238
2006-04-04,0.8158
2006-04-05,0.8138
2006-04-06,0.8177
2006-04-07,0.8269
2006-04-10,0.8257
2006-04-11,0.8235
2006-04-12,0.8261
2006-04-13,0.8259
2006-04-14,0.826
2006-04-17,0.8163
2006-04-18,0.8101
2006-04-19,0.8077
2006-04-20,0.8119
2006-04-21,0.8101
2006-04-24,0.8072
2006-04-25,0.8045
2006-04-26,0.803
2006-04-27,0.7979
2006-04-28,0.7915
2006-05-01,0.7945
2006-05-02,0.7927
2006-05-03,0.7916
2006-05-04,0.7879
2006-05-05,0.7857
2006-05-08,0.7866
2006-05-09,0.7837
2006-05-10,0.7822
2006-05-11,0.779
2006-05-12,0.7736
2006-05-15,0.7816
2006-05-16,0.7777
2006-05-17,0.7848
2006-05-18,0.7784
2006-05-19,0.7826
2006-05-22,0.7772
2006-05-23,0.78
2006-05-24,0.7841
2006-05-25,0.7812
2006-05-26,0.785
2006-05-29,0.7843
2006-05-30,0.777
2006-05-31,0.7808
2006-06-01,0.781
2006-06-02,0.7741
2006-06-05,0.7748
2006-06-06,0.7792
2006-06-07,0.7821
2006-06-08,0.7905
2006-06-09,0.7912
2006-06-12,0.7945
2006-06-13,0.7978
2006-06-14,0.7939
2006-06-15,0.7914
2006-06-16,0.791
2006-06-19,0.7953
2006-06-20,0.7949
2006-06-21,0.79
2006-06-22,0.795
2006-06-23,0.7994
2006-06-26,0.7948
2006-06-27,0.7951
2006-06-28,0.7964
2006-06-29,0.7896
2006-06-30,0.7818
2006-07-03,0.781
2006-07-04,0.7814
2006-07-05,0.7859
2006-07-06,0.7824
2006-07-07,0.7806
2006-07-10,0.7856
2006-07-11,0.7828
2006-07-12,0.7871
2006-07-13,0.7881
2006-07-14,0.7904
2006-07-17,0.7989
2006-07-18,0.7997
2006-07-19,0.7945
2006-07-20,0.7919
2006-07-21,0.7877
2006-07-24,0.7914
2006-07-25,0.7951
2006-07-26,0.7863
2006-07-27,0.7875
2006-07-28,0.7838
2006-07-31,0.7833
2006-08-01,0.7797
2006-08-02,0.782
2006-08-03,0.7811
2006-08-04,0.7767
2006-08-07,0.7787
2006-08-08,0.7792
2006-08-09,0.7775
2006-08-10,0.7816
2006-08-11,0.7861
2006-08-14,0.7865
2006-08-15,0.7822
2006-08-16,0.7789
2006-08-17,0.7795
2006-08-18,0.7798
2006-08-21,0.7756
2006-08-22,0.7811
2006-08-23,0.782
2006-08-24,0.7834
2006-08-25,0.7842
2006-08-28,0.7825
2006-08-29,0.7798
2006-08-30,0.7792
2006-08-31,0.7804
2006-09-01,0.7792
2006-09-04,0.7768
2006-09-05,0.7803
2006-09-06,0.7809
2006-09-07,0.7855
2006-09-08,0.789
2006-09-11,0.7873
2006-09-12,0.7881
2006-09-13,0.7881
2006-09-14,0.7859
2006-09-15,0.7896
2006-09-18,0.7871
2006-09-19,0.7888
2006-09-20,0.7883
2006-09-21,0.7825
2006-09-22,0.7822
2006-09-25,0.7846
2006-09-26,0.788
2006-09-27,0.7874
2006-09-28,0.7872
2006-09-29,0.789
2006-10-02,0.7851
2006-10-03,0.7854
2006-10-04,0.7864
2006-10-05,0.7877
2006-10-06,0.7936
2006-10-09,0.794
2006-10-10,0.7976
2006-10-11,0.7991
2006-10-12,0.7965
2006-10-13,0.7991
2006-10-16,0.7979
2006-10-17,0.7971
2006-10-18,0.7979
2006-10-19,0.7921
2006-10-20,0.7925
2006-10-23,0.7967
2006-10-24,0.7963
2006-10-25,0.7936
2006-10-26,0.7878
2006-10-27,0.7849
2006-10-30,0.7859
2006-10-31,0.7836
2006-11-01,0.7839
2006-11-02,0.7825
2006-11-03,0.7863
2006-11-06,0.7859
2006-11-07,0.7827
2006-11-08,0.7839
2006-11-09,0.7795
2006-11-10,0.7788
2006-11-13,0.7809
2006-11-14,0.7806
2006-11-15,0.7795
2006-11-16,0.7815
2006-11-17,0.7796
2006-11-20,0.7803
2006-11-21,0.7785
2006-11-22,0.7726
2006-11-23,0.7725
2006-11-24,0.7637
2006-11-27,0.7614
2006-11-28,0.7576
2006-11-29,0.7602
2006-11-30,0.7552
2006-12-01,0.7498
2006-12-04,0.7495
2006-12-05,0.7509
2006-12-06,0.7526
2006-12-07,0.7526
2006-12-08,0.7574
2006-12-11,0.7555
2006-12-12,0.7527
2006-12-13,0.7568
2006-12-14,0.7609
2006-12-15,0.7645
2006-12-18,0.7635
2006-12-19,0.7577
2006-12-20,0.7591
2006-12-21,0.7589
2006-12-22,0.7617
2006-12-25,0.7621
2006-12-26,0.7635
2006-12-27,0.7625
2006-12-28,0.7605
2006-12-29,0.7577
2007-01-01,0.7575
2007-01-02,0.7534
2007-01-03,0.7593
2007-01-04,0.7643
2007-01-05,0.7691
2007-01-08,0.7678
2007-01-09,0.7692
2007-01-10,0.7729
2007-01-11,0.7756
2007-01-12,0.7738
2007-01-15,0.7729
2007-01-16,0.7741
2007-01-17,0.7729
2007-01-18,0.7714
2007-01-19,0.7718
2007-01-22,0.7722
2007-01-23,0.7677
2007-01-24,0.771
2007-01-25,0.7733
2007-01-26,0.7742
2007-01-29,0.7718
2007-01-30,0.771
2007-01-31,0.7673
2007-02-01,0.7679
2007-02-02,0.7715
2007-02-05,0.7735
2007-02-06,0.7701
2007-02-07,0.7685
2007-02-08,0.7668
2007-02-09,0.7688
2007-02-12,0.7712
2007-02-13,0.7669
2007-02-14,0.7616
2007-02-15,0.7609
2007-02-16,0.7612
2007-02-19,0.7601
2007-02-20,0.7612
2007-02-21,0.7611
2007-02-22,0.7618
2007-02-23,0.7595
2007-02-26,0.7583
2007-02-27,0.7551
2007-02-28,0.7559
2007-03-01,0.7584
2007-03-02,0.758
2007-03-05,0.7639
2007-03-06,0.7617
2007-03-07,0.7589
2007-03-08,0.7614
2007-03-09,0.7624
2007-03-12,0.7582
2007-03-13,0.7577
2007-03-14,0.7563
2007-03-15,0.7554
2007-03-16,0.7508
2007-03-19,0.7517
2007-03-20,0.7509
2007-03-21,0.7471
2007-03-22,0.7501
2007-03-23,0.7528
2007-03-26,0.7502
2007-03-27,0.749
2007-03-28,0.7511
2007-03-29,0.7501
2007-03-30,0.7488
2007-04-02,0.7482
2007-04-03,0.7502
2007-04-04,0.7481
2007-04-05,0.7446
2007-04-06,0.7474
2007-04-09,0.7488
2007-04-10,0.744
2007-04-11,0.7445
2007-04-12,0.7417
2007-04-13,0.7392
2007-04-16,0.7388
2007-04-17,0.7371
2007-04-18,0.7348
2007-04-19,0.7346
2007-04-20,0.7358
2007-04-23,0.7365
2007-04-24,0.7331
2007-04-25,0.7333
2007-04-26,0.7352
2007-04-27,0.7325
2007-04-30,0.7327
2007-05-01,0.7351
2007-05-02,0.7357
2007-05-03,0.738
2007-05-04,0.7358
2007-05-07,0.7352
2007-05-08,0.7384
2007-05-09,0.7392
2007-05-10,0.7416
2007-05-11,0.7394
2007-05-14,0.7382
2007-05-15,0.7358
2007-05-16,0.7399
2007-05-17,0.7411
2007-05-18,0.7402
2007-05-21,0.7424
2007-05-22,0.7436
2007-05-23,0.743
2007-05-24,0.7447
2007-05-25,0.7439
2007-05-28,0.7434
2007-05-29,0.7436
2007-05-30,0.7447
2007-05-31,0.7433
2007-06-01,0.7436
2007-06-04,0.7413
2007-06-05,0.7394
2007-06-06,0.7405
2007-06-07,0.7444
2007-06-08,0.7478
2007-06-11,0.7486
2007-06-12,0.7518
2007-06-13,0.7513
2007-06-14,0.7512
2007-06-15,0.7469
2007-06-18,0.7455
2007-06-19,0.7448
2007-06-20,0.746
2007-06-21,0.7469
2007-06-22,0.7424
2007-06-25,0.7428
2007-06-26,0.7432
2007-06-27,0.7433
2007-06-28,0.7435
2007-06-29,0.7385
2007-07-02,0.734
2007-07-03,0.7348
2007-07-04,0.7346
2007-07-05,0.7353
2007-07-06,0.7338
2007-07-09,0.7339
2007-07-10,0.7274
2007-07-11,0.7275
2007-07-12,0.7252
2007-07-13,0.7256
2007-07-16,0.7261
2007-07-17,0.7256
2007-07-18,0.7245
2007-07-19,0.7244
2007-07-20,0.7232
2007-07-23,0.7243
2007-07-24,0.7234
2007-07-25,0.7288
2007-07-26,0.7274
2007-07-27,0.7333
2007-07-30,0.7301
2007-07-31,0.7308
2007-08-01,0.7317
2007-08-02,0.7297
2007-08-03,0.726
2007-08-06,0.725
2007-08-07,0.728
2007-08-08,0.7247
2007-08-09,0.7311
2007-08-10,0.7303
2007-08-13,0.7346
2007-08-14,0.7389
2007-08-15,0.7439
2007-08-16,0.7448
2007-08-17,0.7421
2007-08-20,0.7422
2007-08-21,0.7426
2007-08-22,0.7384
2007-08-23,0.7372
2007-08-24,0.7312
2007-08-27,0.7328
2007-08-28,0.7351
2007-08-29,0.7311
2007-08-30,0.7339
2007-08-31,0.7337
2007-09-03,0.734
2007-09-04,0.735
2007-09-05,0.7328
2007-09-06,0.7304
2007-09-07,0.7263
2007-09-10,0.7245
2007-09-11,0.7226
2007-09-12,0.7192
2007-09-13,0.7202
2007-09-14,0.7207
2007-09-17,0.7211
2007-09-18,0.7151
2007-09-19,0.7165
2007-09-20,0.711
2007-09-21,0.7097
2007-09-24,0.7099
2007-09-25,0.7073
2007-09-26,0.7078
2007-09-27,0.7066
2007-09-28,0.7009
2007-10-01,0.7027
2007-10-02,0.7065
2007-10-03,0.7097
2007-10-04,0.7073
2007-10-05,0.7075
2007-10-08,0.7118
2007-10-09,0.7089
2007-10-10,0.7069
2007-10-11,0.7044
2007-10-12,0.7053
2007-10-15,0.704
2007-10-16,0.7056
2007-10-17,0.7038
2007-10-18,0.6995
2007-10-19,0.6992
2007-10-22,0.7051
2007-10-23,0.7011
2007-10-24,0.7009
2007-10-25,0.6981
2007-10-26,0.6948
2007-10-29,0.6932
2007-10-30,0.6929
2007-10-31,0.6903
2007-11-01,0.6932
2007-11-02,0.6895
2007-11-05,0.6911
2007-11-06,0.687
2007-11-07,0.6831
2007-11-08,0.6814
2007-11-09,0.6813
2007-11-12,0.6882
2007-11-13,0.6848
2007-11-14,0.6825
2007-11-15,0.6844
2007-11-16,0.6819
2007-11-19,0.6819
2007-11-20,0.6739
2007-11-21,0.673
2007-11-22,0.6734
2007-11-23,0.674
2007-11-26,0.6724
2007-11-27,0.6743
2007-11-28,0.6738
2007-11-29,0.6782
2007-11-30,0.6834
2007-12-03,0.6818
2007-12-04,0.6776
2007-12-05,0.6844
2007-12-06,0.6832
2007-12-07,0.6822
2007-12-10,0.6797
2007-12-11,0.6824
2007-12-12,0.68
2007-12-13,0.6834
2007-12-14,0.693
2007-12-17,0.6944
2007-12-18,0.6938
2007-12-19,0.6953
2007-12-20,0.6979
2007-12-21,0.6953
2007-12-24,0.6947
2007-12-25,0.6943
2007-12-26,0.6902
2007-12-27,0.6837
2007-12-28,0.6792
2007-12-31,0.6855
2008-01-01,0.6853
2008-01-02,0.6796
2008-01-03,0.678
2008-01-04,0.6783
2008-01-07,0.6805
2008-01-08,0.6799
2008-01-09,0.6822
2008-01-10,0.6755
2008-01-11,0.6768
2008-01-14,0.6725
2008-01-15,0.6755
2008-01-16,0.6825
2008-01-17,0.683
2008-01-18,0.6839
2008-01-21,0.6918
2008-01-22,0.6836
2008-01-23,0.6835
2008-01-24,0.6777
2008-01-25,0.6811
2008-01-28,0.6765
2008-01-29,0.6768
2008-01-30,0.6729
2008-01-31,0.6729
2008-02-01,0.6756
2008-02-04,0.6743
2008-02-05,0.6827
2008-02-06,0.6835
2008-02-07,0.6903
2008-02-08,0.6894
2008-02-11,0.6888
2008-02-12,0.6857
2008-02-13,0.6862
2008-02-14,0.6829
2008-02-15,0.6811
2008-02-18,0.6823
2008-02-19,0.6791
2008-02-20,0.6796
2008-02-21,0.675
2008-02-22,0.6744
2008-02-25,0.6743
2008-02-26,0.6678
2008-02-27,0.6614
2008-02-28,0.6582
2008-02-29,0.6588
2008-03-03,0.6577
2008-03-04,0.6572
2008-03-05,0.6551
2008-03-06,0.6502
2008-03-07,0.6512
2008-03-10,0.6517
2008-03-11,0.652
2008-03-12,0.6431
2008-03-13,0.6396
2008-03-14,0.638
2008-03-17,0.6357
2008-03-18,0.64
2008-03-19,0.64
2008-03-20,0.6482
2008-03-21,0.648
2008-03-24,0.6484
2008-03-25,0.639
2008-03-26,0.6311
2008-03-27,0.6338
2008-03-28,0.6331
2008-03-31,0.6334
2008-04-01,0.6404
2008-04-02,0.6375
2008-04-03,0.6376
2008-04-04,0.6354
2008-04-07,0.6365
2008-04-08,0.6364
2008-04-09,0.6317
2008-04-10,0.6352
2008-04-11,0.6326
2008-04-14,0.6316
2008-04-15,0.6333
2008-04-16,0.6271
2008-04-17,0.6286
2008-04-18,0.6322
2008-04-21,0.6284
2008-04-22,0.6253
2008-04-23,0.6294
2008-04-24,0.6377
2008-04-25,0.6397
2008-04-28,0.6387
2008-04-29,0.6422
2008-04-30,0.6401
2008-05-01,0.6462
2008-05-02,0.6483
2008-05-05,0.6453
2008-05-06,0.6438
2008-05-07,0.6496
2008-05-08,0.6496
2008-05-09,0.6459
2008-05-12,0.643
2008-05-13,0.6462
2008-05-14,0.6462
2008-05-15,0.6473
2008-05-16,0.642
2008-05-19,0.6447
2008-05-20,0.6391
2008-05-21,0.6331
2008-05-22,0.6356
2008-05-23,0.6344
2008-05-26,0.6341
2008-05-27,0.6373
2008-05-28,0.6395
2008-05-29,0.6444
2008-05-30,0.6429
2008-06-02,0.6436
2008-06-03,0.6475
2008-06-04,0.6476
2008-06-05,0.6413
2008-06-06,0.6338
2008-06-09,0.6391
2008-06-10,0.6465
2008-06-11,0.643
2008-06-12,0.6477
2008-06-13,0.6502
2008-06-16,0.6461
2008-06-17,0.6447
2008-06-18,0.6437
2008-06-19,0.645
2008-06-20,0.6408
2008-06-23,0.6444
2008-06-24,0.6423
2008-06-25,0.6383
2008-06-26,0.6346
2008-06-27,0.6332
2008-06-30,0.6347
2008-07-01,0.6332
2008-07-02,0.6296
2008-07-03,0.6368
2008-07-04,0.6368
2008-07-07,0.6358
2008-07-08,0.6381
2008-07-09,0.6352
2008-07-10,0.6334
2008-07-11,0.6274
2008-07-14,0.6286
2008-07-15,0.6285
2008-07-16,0.6318
2008-07-17,0.6304
2008-07-18,0.631
2008-07-21,0.6281
2008-07-22,0.6336
2008-07-23,0.637
2008-07-24,0.6379
2008-07-25,0.6366
2008-07-28,0.6353
2008-07-29,0.6415
2008-07-30,0.642
2008-07-31,0.6409
2008-08-01,0.6424
2008-08-04,0.642
2008-08-05,0.6471
2008-08-06,0.649
2008-08-07,0.6525
2008-08-08,0.6663
2008-08-11,0.6707
2008-08-12,0.67
2008-08-13,0.6703
2008-08-14,0.6745
2008-08-15,0.6808
2008-08-18,0.6805
2008-08-19,0.6768
2008-08-20,0.6781
2008-08-21,0.6712
2008-08-22,0.676
2008-08-25,0.6778
2008-08-26,0.6824
2008-08-27,0.679
2008-08-28,0.68
2008-08-29,0.6815
2008-09-01,0.6841
2008-09-02,0.6887
2008-09-03,0.6897
2008-09-04,0.6981
2008-09-05,0.7009
2008-09-08,0.7078
2008-09-09,0.7075
2008-09-10,0.7144
2008-09-11,0.7144
2008-09-12,0.703
2008-09-15,0.702
2008-09-16,0.7076
2008-09-17,0.698
2008-09-18,0.697
2008-09-19,0.6914
2008-09-22,0.6769
2008-09-23,0.6826
2008-09-24,0.6839
2008-09-25,0.6845
2008-09-26,0.6843
2008-09-29,0.6926
2008-09-30,0.7096
2008-10-01,0.7138
2008-10-02,0.7236
2008-10-03,0.726
2008-10-06,0.7408
2008-10-07,0.7359
2008-10-08,0.7324
2008-10-09,0.7351
2008-10-10,0.7457
2008-10-13,0.7364
2008-10-14,0.7343
2008-10-15,0.7409
2008-10-16,0.7432
2008-10-17,0.7459
2008-10-20,0.7494
2008-10-21,0.7656
2008-10-22,0.7778
2008-10-23,0.7731
2008-10-24,0.7922
2008-10-27,0.8004
2008-10-28,0.7885
2008-10-29,0.7715
2008-10-30,0.7742
2008-10-31,0.7855
2008-11-03,0.7909
2008-11-04,0.7704
2008-11-05,0.772
2008-11-06,0.7865
2008-11-07,0.7863
2008-11-10,0.7844
2008-11-11,0.7986
2008-11-12,0.7997
2008-11-13,0.7831
2008-11-14,0.7933
2008-11-17,0.7905
2008-11-18,0.7925
2008-11-19,0.8007
2008-11-20,0.803
2008-11-21,0.7944
2008-11-24,0.7719
2008-11-25,0.7654
2008-11-26,0.7764
2008-11-27,0.7749
2008-11-28,0.7879
2008-12-01,0.793
2008-12-02,0.7865
2008-12-03,0.7863
2008-12-04,0.7825
2008-12-05,0.7864
2008-12-08,0.7717
2008-12-09,0.7736
2008-12-10,0.7679
2008-12-11,0.7489
2008-12-12,0.748
2008-12-15,0.7306
2008-12-16,0.714
2008-12-17,0.6935
2008-12-18,0.7021
2008-12-19,0.7188
2008-12-22,0.7171
2008-12-23,0.718
2008-12-24,0.7136
2008-12-25,0.713
2008-12-26,0.7129
2008-12-29,0.718
2008-12-30,0.7114
2008-12-31,0.7156
2009-01-01,0.7121
2009-01-02,0.7187
2009-01-05,0.7333
2009-01-06,0.7387
2009-01-07,0.7328
2009-01-08,0.7298
2009-01-09,0.7424
2009-01-12,0.7484
2009-01-13,0.7586
2009-01-14,0.7581
2009-01-15,0.7623
2009-01-16,0.7536
2009-01-19,0.7652
2009-01-20,0.7748
2009-01-21,0.7679
2009-01-22,0.7692
2009-01-23,0.7709
2009-01-26,0.7582
2009-01-27,0.7599
2009-01-28,0.7595
2009-01-29,0.7719
2009-01-30,0.7806
2009-02-02,0.7786
2009-02-03,0.7669
2009-02-04,0.7783
2009-02-05,0.7818
2009-02-06,0.7729
2009-02-09,0.7691
2009-02-10,0.7744
2009-02-11,0.7748
2009-02-12,0.7775
2009-02-13,0.7775
2009-02-16,0.7812
2009-02-17,0.7948
2009-02-18,0.7981
2009-02-19,0.789
2009-02-20,0.7796
2009-02-23,0.7878
2009-02-24,0.7784
2009-02-25,0.786
2009-02-26,0.7847
2009-02-27,0.7893
2009-03-02,0.795
2009-03-03,0.7961
2009-03-04,0.7898
2009-03-05,0.7975
2009-03-06,0.7904
2009-03-09,0.7929
2009-03-10,0.7885
2009-03-11,0.7791
2009-03-12,0.7745
2009-03-13,0.7735
2009-03-16,0.7711
2009-03-17,0.7683
2009-03-18,0.742
2009-03-19,0.7318
2009-03-20,0.7364
2009-03-23,0.7335
2009-03-24,0.7425
2009-03-25,0.7363
2009-03-26,0.7393
2009-03-27,0.7524
2009-03-30,0.7576
2009-03-31,0.7547
2009-04-01,0.7548
2009-04-02,0.7429
2009-04-03,0.7416
2009-04-06,0.7454
2009-04-07,0.7535
2009-04-08,0.753
2009-04-09,0.7594
2009-04-10,0.7583
2009-04-13,0.7481
2009-04-14,0.7542
2009-04-15,0.756
2009-04-16,0.7584
2009-04-17,0.7667
2009-04-20,0.7739
2009-04-21,0.7725
2009-04-22,0.769
2009-04-23,0.7609
2009-04-24,0.7552
2009-04-27,0.7672
2009-04-28,0.7605
2009-04-29,0.7535
2009-04-30,0.7559
2009-05-01,0.7537
2009-05-04,0.746
2009-05-05,0.7502
2009-05-06,0.75
2009-05-07,0.7469
2009-05-08,0.7332
2009-05-11,0.7363
2009-05-12,0.7327
2009-05-13,0.7353
2009-05-14,0.7332
2009-05-15,0.7412
2009-05-18,0.7374
2009-05-19,0.7336
2009-05-20,0.7257
2009-05-21,0.7199
2009-05-22,0.7144
2009-05-25,0.7136
2009-05-26,0.7151
2009-05-27,0.7233
2009-05-28,0.7173
2009-05-29,0.7064
2009-06-01,0.7063
2009-06-02,0.6992
2009-06-03,0.7063
2009-06-04,0.7052
2009-06-05,0.7159
2009-06-08,0.7194
2009-06-09,0.711
2009-06-10,0.7151
2009-06-11,0.7088
2009-06-12,0.7135
2009-06-15,0.7245
2009-06-16,0.7227
2009-06-17,0.7172
2009-06-18,0.7194
2009-06-19,0.7175
2009-06-22,0.7211
2009-06-23,0.7104
2009-06-24,0.7179
2009-06-25,0.7149
2009-06-26,0.7115
2009-06-29,0.7102
2009-06-30,0.7126
2009-07-01,0.7071
2009-07-02,0.7141
2009-07-03,0.7154
2009-07-06,0.7151
2009-07-07,0.7182
2009-07-08,0.7203
2009-07-09,0.7133
2009-07-10,0.7175
2009-07-13,0.7154
2009-07-14,0.7159
2009-07-15,0.7089
2009-07-16,0.7068
2009-07-17,0.7091
2009-07-20,0.7027
2009-07-21,0.703
2009-07-22,0.7033
2009-07-23,0.707
2009-07-24,0.704
2009-07-27,0.7027
2009-07-28,0.7059
2009-07-29,0.7118
2009-07-30,0.7105
2009-07-31,0.7014
2009-08-03,0.6939
2009-08-04,0.6941
2009-08-05,0.6943
2009-08-06,0.6971
2009-08-07,0.7051
2009-08-10,0.7073
2009-08-11,0.7067
2009-08-12,0.7047
2009-08-13,0.6997
2009-08-14,0.7041
2009-08-17,0.7101
2009-08-18,0.7075
2009-08-19,0.7031
2009-08-20,0.7016
2009-08-21,0.6981
2009-08-24,0.6991
2009-08-25,0.6995
2009-08-26,0.7016
2009-08-27,0.6973
2009-08-28,0.6992
2009-08-31,0.6977
2009-09-01,0.703
2009-09-02,0.7011
2009-09-03,0.7017
2009-09-04,0.6994
2009-09-07,0.6978
2009-09-08,0.6906
2009-09-09,0.6869
2009-09-10,0.6858
2009-09-11,0.6863
2009-09-14,0.6841
2009-09-15,0.6822
2009-09-16,0.6798
2009-09-17,0.6784
2009-09-18,0.6798
2009-09-21,0.6811
2009-09-22,0.6761
2009-09-23,0.6787
2009-09-24,0.6818
2009-09-25,0.6808
2009-09-28,0.684
2009-09-29,0.6855
2009-09-30,0.6831
2009-10-01,0.6875
2009-10-02,0.686
2009-10-05,0.6827
2009-10-06,0.6792
2009-10-07,0.6806
2009-10-08,0.6759
2009-10-09,0.6789
2009-10-12,0.6769
2009-10-13,0.6732
2009-10-14,0.67
2009-10-15,0.669
2009-10-16,0.6709
2009-10-19,0.6682
2009-10-20,0.6691
2009-10-21,0.6659
2009-10-22,0.6652
2009-10-23,0.6663
2009-10-26,0.6722
2009-10-27,0.6755
2009-10-28,0.68
2009-10-29,0.6747
2009-10-30,0.6793
2009-11-02,0.6768
2009-11-03,0.6792
2009-11-04,0.6729
2009-11-05,0.6724
2009-11-06,0.6735
2009-11-09,0.6667
2009-11-10,0.6669
2009-11-11,0.6673
2009-11-12,0.6734
2009-11-13,0.671
2009-11-16,0.668
2009-11-17,0.6722
2009-11-18,0.6683
2009-11-19,0.67
2009-11-20,0.6729
2009-11-23,0.6684
2009-11-24,0.6681
2009-11-25,0.6608
2009-11-26,0.6658
2009-11-27,0.6672
2009-11-30,0.6665
2009-12-01,0.6631
2009-12-02,0.6647
2009-12-03,0.6643
2009-12-04,0.673
2009-12-07,0.6745
2009-12-08,0.6801
2009-12-09,0.6791
2009-12-10,0.6788
2009-12-11,0.6839
2009-12-14,0.6823
2009-12-15,0.6879
2009-12-16,0.6882
2009-12-17,0.6975
2009-12-18,0.6973
2009-12-21,0.7005
2009-12-22,0.7018
2009-12-23,0.6975
2009-12-24,0.6954
2009-12-25,0.6939
2009-12-28,0.6955
2009-12-29,0.6967
2009-12-30,0.6974
2009-12-31,0.6978
2010-01-01,0.6961
2010-01-04,0.6938
2010-01-05,0.6961
2010-01-06,0.694
2010-01-07,0.6989
2010-01-08,0.694
2010-01-11,0.689
2010-01-12,0.6903
2010-01-13,0.6892
2010-01-14,0.6897
2010-01-15,0.6951
2010-01-18,0.6952
2010-01-19,0.6999
2010-01-20,0.7089
2010-01-21,0.71
2010-01-22,0.7073
2010-01-25,0.7067
2010-01-26,0.7106
2010-01-27,0.713
2010-01-28,0.7157
2010-01-29,0.7214
2010-02-01,0.7178
2010-02-02,0.7161
2010-02-03,0.7198
2010-02-04,0.7287
2010-02-05,0.7312
2010-02-08,0.7327
2010-02-09,0.7248
2010-02-10,0.728
2010-02-11,0.7303
2010-02-12,0.7336
2010-02-15,0.7354
2010-02-16,0.7263
2010-02-17,0.7349
2010-02-18,0.7392
2010-02-19,0.7346
2010-02-22,0.7355
2010-02-23,0.7404
2010-02-24,0.7387
2010-02-25,0.7381
2010-02-26,0.7337
2010-03-01,0.7374
2010-03-02,0.7344
2010-03-03,0.7301
2010-03-04,0.7363
2010-03-05,0.734
2010-03-08,0.7335
2010-03-09,0.7352
2010-03-10,0.7322
2010-03-11,0.7309
2010-03-12,0.7264
2010-03-15,0.7312
2010-03-16,0.7264
2010-03-17,0.7279
2010-03-18,0.7349
2010-03-19,0.7391
2010-03-22,0.7375
2010-03-23,0.7408
2010-03-24,0.7511
2010-03-25,0.7535
2010-03-26,0.7457
2010-03-29,0.7417
2010-03-30,0.7455
2010-03-31,0.7402
2010-04-01,0.7359
2010-04-02,0.7405
2010-04-05,0.7416
2010-04-06,0.7463
2010-04-07,0.7494
2010-04-08,0.7485
2010-04-09,0.7408
2010-04-12,0.7358
2010-04-13,0.7346
2010-04-14,0.7324
2010-04-15,0.7368
2010-04-16,0.7406
2010-04-19,0.7413
2010-04-20,0.7444
2010-04-21,0.7469
2010-04-22,0.7522
2010-04-23,0.7473
2010-04-26,0.7472
2010-04-27,0.759
2010-04-28,0.7564
2010-04-29,0.7557
2010-04-30,0.7521
2010-05-03,0.7579
2010-05-04,0.77
2010-05-05,0.7804
2010-05-06,0.7923
2010-05-07,0.7842
2010-05-10,0.7821
2010-05-11,0.7897
2010-05-12,0.7928
2010-05-13,0.7978
2010-05-14,0.8092
2010-05-17,0.8068
2010-05-18,0.8195
2010-05-19,0.8055
2010-05-20,0.8007
2010-05-21,0.7956
2010-05-24,0.8083
2010-05-25,0.81
2010-05-26,0.8213
2010-05-27,0.809
2010-05-28,0.8148
2010-05-31,0.8126
2010-06-01,0.8177
2010-06-02,0.8164
2010-06-03,0.8222
2010-06-04,0.8356
2010-06-07,0.8387
2010-06-08,0.8352
2010-06-09,0.8348
2010-06-10,0.8248
2010-06-11,0.8256
2010-06-14,0.8183
2010-06-15,0.8108
2010-06-16,0.8123
2010-06-17,0.8072
2010-06-18,0.8073
2010-06-21,0.8122
2010-06-22,0.8149
2010-06-23,0.8123
2010-06-24,0.8108
2010-06-25,0.8082
2010-06-28,0.8145
2010-06-29,0.8205
2010-06-30,0.8172
2010-07-01,0.7983
2010-07-02,0.796
2010-07-05,0.7976
2010-07-06,0.792
2010-07-07,0.7913
2010-07-08,0.7876
2010-07-09,0.791
2010-07-12,0.7939
2010-07-13,0.7859
2010-07-14,0.7848
2010-07-15,0.7722
2010-07-16,0.7734
2010-07-19,0.7727
2010-07-20,0.7764
2010-07-21,0.7841
2010-07-22,0.7756
2010-07-23,0.7746
2010-07-26,0.7696
2010-07-27,0.7695
2010-07-28,0.7695
2010-07-29,0.7647
2010-07-30,0.7662
2010-08-02,0.7588
2010-08-03,0.7558
2010-08-04,0.7598
2010-08-05,0.7582
2010-08-06,0.753
2010-08-09,0.7563
2010-08-10,0.7589
2010-08-11,0.7774
2010-08-12,0.7795
2010-08-13,0.784
2010-08-16,0.7796
2010-08-17,0.7761
2010-08-18,0.778
2010-08-19,0.7798
2010-08-20,0.7867
2010-08-23,0.7901
2010-08-24,0.7919
2010-08-25,0.79
2010-08-26,0.7864
2010-08-27,0.7838
2010-08-30,0.7897
2010-08-31,0.7887
2010-09-01,0.7807
2010-09-02,0.7797
2010-09-03,0.7754
2010-09-06,0.7767
2010-09-07,0.7885
2010-09-08,0.7861
2010-09-09,0.7877
2010-09-10,0.7887
2010-09-13,0.7762
2010-09-14,0.7693
2010-09-15,0.7686
2010-09-16,0.7647
2010-09-17,0.7663
2010-09-20,0.7656
2010-09-21,0.7539
2010-09-22,0.746
2010-09-23,0.7511
2010-09-24,0.7412
2010-09-27,0.7432
2010-09-28,0.7361
2010-09-29,0.7339
2010-09-30,0.7334
2010-10-01,0.7251
2010-10-04,0.7307
2010-10-05,0.7226
2010-10-06,0.7179
2010-10-07,0.7181
2010-10-08,0.7175
2010-10-11,0.7207
2010-10-12,0.7182
2010-10-13,0.7163
2010-10-14,0.71
2010-10-15,0.7155
2010-10-18,0.7177
2010-10-19,0.7285
2010-10-20,0.7161
2010-10-21,0.7184
2010-10-22,0.7167
2010-10-25,0.7161
2010-10-26,0.7215
2010-10-27,0.7263
2010-10-28,0.7178
2010-10-29,0.717
2010-11-01,0.7198
2010-11-02,0.7126
2010-11-03,0.7073
2010-11-04,0.7039
2010-11-05,0.7127
2010-11-08,0.7184
2010-11-09,0.7261
2010-11-10,0.7255
2010-11-11,0.7317
2010-11-12,0.7304
2010-11-15,0.736
2010-11-16,0.7413
2010-11-17,0.7391
2010-11-18,0.733
2010-11-19,0.7314
2010-11-22,0.7338
2010-11-23,0.7481
2010-11-24,0.7499
2010-11-25,0.7485
2010-11-26,0.7552
2010-11-29,0.7618
2010-11-30,0.7702
2010-12-01,0.7611
2010-12-02,0.757
2010-12-03,0.7455
2010-12-06,0.7515
2010-12-07,0.7541
2010-12-08,0.754
2010-12-09,0.7554
2010-12-10,0.7562
2010-12-13,0.7468
2010-12-14,0.7475
2010-12-15,0.7569
2010-12-16,0.7551
2010-12-17,0.7582
2010-12-20,0.7617
2010-12-21,0.7633
2010-12-22,0.7634
2010-12-23,0.7625
2010-12-24,0.7621
2010-12-27,0.7597
2010-12-28,0.7625
2010-12-29,0.7561
2010-12-30,0.7526
2010-12-31,0.7471
2011-01-03,0.7484
2011-01-04,0.7515
2011-01-05,0.7605
2011-01-06,0.7691
2011-01-07,0.7748
2011-01-10,0.7721
2011-01-11,0.7708
2011-01-12,0.7614
2011-01-13,0.7483
2011-01-14,0.747
2011-01-17,0.7522
2011-01-18,0.747
2011-01-19,0.7422
2011-01-20,0.7422
2011-01-21,0.7341
2011-01-24,0.7332
2011-01-25,0.7309
2011-01-26,0.7293
2011-01-27,0.7281
2011-01-28,0.7347
2011-01-31,0.7302
2011-02-01,0.7231
2011-02-02,0.7241
2011-02-03,0.7335
2011-02-04,0.7362
2011-02-07,0.7362
2011-02-08,0.734
2011-02-09,0.7282
2011-02-10,0.7353
2011-02-11,0.738
2011-02-14,0.7413
2011-02-15,0.7415
2011-02-16,0.737
2011-02-17,0.7349
2011-02-18,0.7303
2011-02-21,0.7311
2011-02-22,0.7324
2011-02-23,0.7274
2011-02-24,0.7246
2011-02-25,0.7272
2011-02-28,0.7243
2011-03-01,0.7258
2011-03-02,0.7211
2011-03-03,0.7159
2011-03-04,0.7149
2011-03-07,0.716
2011-03-08,0.7192
2011-03-09,0.719
2011-03-10,0.7247
2011-03-11,0.7193
2011-03-14,0.7146
2011-03-15,0.7144
2011-03-16,0.7196
2011-03-17,0.7132
2011-03-18,0.7051
2011-03-21,0.703
2011-03-22,0.7045
2011-03-23,0.7099
2011-03-24,0.7054
2011-03-25,0.7098
2011-03-28,0.7099
2011-03-29,0.7086
2011-03-30,0.7078
2011-03-31,0.7064
2011-04-01,0.7025
2011-04-04,0.7032
2011-04-05,0.7031
2011-04-06,0.6978
2011-04-07,0.6989
2011-04-08,0.6904
2011-04-11,0.6927
2011-04-12,0.6908
2011-04-13,0.6924
2011-04-14,0.6902
2011-04-15,0.693
2011-04-18,0.7026
2011-04-19,0.6976
2011-04-20,0.6886
2011-04-21,0.6872
2011-04-22,0.6865
2011-04-25,0.6858
2011-04-26,0.6829
2011-04-27,0.6763
2011-04-28,0.6747
2011-04-29,0.6753
2011-05-02,0.6743
2011-05-03,0.6744
2011-05-04,0.6744
2011-05-05,0.6877
2011-05-06,0.6982
2011-05-09,0.6963
2011-05-10,0.6939
2011-05-11,0.7046
2011-05-12,0.702
2011-05-13,0.7084
2011-05-16,0.7064
2011-05-17,0.7024
2011-05-18,0.7019
2011-05-19,0.6987
2011-05-20,0.7063
2011-05-23,0.7118
2011-05-24,0.7092
2011-05-25,0.7099
2011-05-26,0.707
2011-05-27,0.6985
2011-05-30,0.7002
2011-05-31,0.6946
2011-06-01,0.6978
2011-06-02,0.6901
2011-06-03,0.6833
2011-06-06,0.6861
2011-06-07,0.6807
2011-06-08,0.6857
2011-06-09,0.6891
2011-06-10,0.697
2011-06-13,0.6938
2011-06-14,0.6924
2011-06-15,0.7052
2011-06-16,0.7036
2011-06-17,0.699
2011-06-20,0.6991
2011-06-21,0.6939
2011-06-22,0.6966
2011-06-23,0.7014
2011-06-24,0.7047
2011-06-27,0.7
2011-06-28,0.6959
2011-06-29,0.6928
2011-06-30,0.6896
2011-07-01,0.6883
2011-07-04,0.6877
2011-07-05,0.693
2011-07-06,0.6983
2011-07-07,0.6964
2011-07-08,0.7011
2011-07-11,0.7127
2011-07-12,0.7156
2011-07-13,0.7063
2011-07-14,0.707
2011-07-15,0.7066
2011-07-18,0.7085
2011-07-19,0.7067
2011-07-20,0.7034
2011-07-21,0.6933
2011-07-22,0.6965
2011-07-25,0.6956
2011-07-26,0.6892
2011-07-27,0.696
2011-07-28,0.6978
2011-07-29,0.6945
2011-08-01,0.7018
2011-08-02,0.7043
2011-08-03,0.6982
2011-08-04,0.7095
2011-08-05,0.7003
2011-08-08,0.7053
2011-08-09,0.6956
2011-08-10,0.7053
2011-08-11,0.7023
2011-08-12,0.7018
2011-08-15,0.6923
2011-08-16,0.6941
2011-08-17,0.6931
2011-08-18,0.6977
2011-08-19,0.6948
2011-08-22,0.6964
2011-08-23,0.6925
2011-08-24,0.6938
2011-08-25,0.6954
2011-08-26,0.6897
2011-08-29,0.6891
2011-08-30,0.6924
2011-08-31,0.6957
2011-09-01,0.7012
2011-09-02,0.7039
2011-09-05,0.7094
2011-09-06,0.7144
2011-09-07,0.7093
2011-09-08,0.7205
2011-09-09,0.7323
2011-09-12,0.731
2011-09-13,0.7311
2011-09-14,0.7271
2011-09-15,0.7207
2011-09-16,0.7246
2011-09-19,0.7306
2011-09-20,0.7299
2011-09-21,0.7368
2011-09-22,0.7427
2011-09-23,0.7407
2011-09-26,0.7389
2011-09-27,0.7358
2011-09-28,0.7383
2011-09-29,0.7355
2011-09-30,0.7468
2011-10-03,0.759
2011-10-04,0.7488
2011-10-05,0.7492
2011-10-06,0.7442
2011-10-07,0.7475
2011-10-10,0.733
2011-10-11,0.7332
2011-10-12,0.7251
2011-10-13,0.7259
2011-10-14,0.7204
2011-10-17,0.7279
2011-10-18,0.7272
2011-10-19,0.7267
2011-10-20,0.7257
2011-10-21,0.7196
2011-10-24,0.7179
2011-10-25,0.719
2011-10-26,0.7191
2011-10-27,0.7048
2011-10-28,0.7064
2011-10-31,0.7216
2011-11-01,0.7299
2011-11-02,0.7274
2011-11-03,0.7234
2011-11-04,0.7249
2011-11-07,0.7259
2011-11-08,0.7229
2011-11-09,0.7385
2011-11-10,0.7348
2011-11-11,0.7275
2011-11-14,0.7335
2011-11-15,0.7387
2011-11-16,0.7426
2011-11-17,0.743
2011-11-18,0.7396
2011-11-21,0.7413
2011-11-22,0.7404
2011-11-23,0.7495
2011-11-24,0.7493
2011-11-25,0.7552
2011-11-28,0.7508
2011-11-29,0.751
2011-11-30,0.7438
2011-12-01,0.7428
2011-12-02,0.7466
2011-12-05,0.7462
2011-12-06,0.7462
2011-12-07,0.7456
2011-12-08,0.7496
2011-12-09,0.747
2011-12-12,0.7583
2011-12-13,0.7671
2011-12-14,0.7703
2011-12-15,0.7682
2011-12-16,0.7666
2011-12-19,0.7693
2011-12-20,0.7644
2011-12-21,0.7664
2011-12-22,0.7664
2011-12-23,0.7664
2011-12-26,0.7657
2011-12-27,0.7651
2011-12-28,0.7728
2011-12-29,0.7715
2011-12-30,0.7714
2012-01-02,0.7732
2012-01-03,0.7662
2012-01-04,0.7725
2012-01-05,0.7819
2012-01-06,0.7862
2012-01-09,0.7834
2012-01-10,0.7826
2012-01-11,0.787
2012-01-12,0.7803
2012-01-13,0.7888
2012-01-16,0.7895
2012-01-17,0.7852
2012-01-18,0.7774
2012-01-19,0.7711
2012-01-20,0.7732
2012-01-23,0.7682
2012-01-24,0.7671
2012-01-25,0.763
2012-01-26,0.7629
2012-01-27,0.7563
2012-01-30,0.7608
2012-01-31,0.7643
2012-02-01,0.7598
2012-02-02,0.7608
2012-02-03,0.76
2012-02-06,0.7615
2012-02-07,0.7541
2012-02-08,0.7541
2012-02-09,0.7527
2012-02-10,0.7577
2012-02-13,0.7584
2012-02-14,0.7615
2012-02-15,0.7653
2012-02-16,0.7615
2012-02-17,0.7609
2012-02-20,0.7552
2012-02-21,0.7555
2012-02-22,0.7546
2012-02-23,0.7479
2012-02-24,0.7435
2012-02-27,0.7464
2012-02-28,0.7427
2012-02-29,0.7505
2012-03-01,0.7512
2012-03-02,0.7575
2012-03-05,0.7566
2012-03-06,0.7626
2012-03-07,0.7604
2012-03-08,0.7533
2012-03-09,0.7621
2012-03-12,0.76
2012-03-13,0.7644
2012-03-14,0.7673
2012-03-15,0.7645
2012-03-16,0.759
2012-03-19,0.7554
2012-03-20,0.7562
2012-03-21,0.7566
2012-03-22,0.7575
2012-03-23,0.7537
2012-03-26,0.7485
2012-03-27,0.7509
2012-03-28,0.751
2012-03-29,0.7517
2012-03-30,0.7495
2012-04-02,0.7508
2012-04-03,0.7557
2012-04-04,0.7609
2012-04-05,0.7654
2012-04-06,0.7637
2012-04-09,0.763
2012-04-10,0.7644
2012-04-11,0.7629
2012-04-12,0.7584
2012-04-13,0.7646
2012-04-16,0.761
2012-04-17,0.7618
2012-04-18,0.762
2012-04-19,0.7612
2012-04-20,0.7562
2012-04-23,0.7601
2012-04-24,0.7577
2012-04-25,0.7566
2012-04-26,0.7562
2012-04-27,0.7544
2012-04-30,0.7554
2012-05-01,0.7554
2012-05-02,0.7599
2012-05-03,0.7603
2012-05-04,0.7643
2012-05-07,0.7662
2012-05-08,0.7688
2012-05-09,0.7735
2012-05-10,0.7731
2012-05-11,0.7741
2012-05-14,0.7798
2012-05-15,0.7856
2012-05-16,0.7864
2012-05-17,0.7875
2012-05-18,0.7822
2012-05-21,0.7801
2012-05-22,0.7884
2012-05-23,0.7948
2012-05-24,0.7979
2012-05-25,0.7989
2012-05-28,0.7973
2012-05-29,0.7998
2012-05-30,0.8086
2012-05-31,0.8087
2012-06-01,0.8043
2012-06-04,0.8
2012-06-05,0.8031
2012-06-06,0.7948
2012-06-07,0.7961
2012-06-08,0.799
2012-06-11,0.8012
2012-06-12,0.7998
2012-06-13,0.7963
2012-06-14,0.7916
2012-06-15,0.7914
2012-06-18,0.7952
2012-06-19,0.7882
2012-06-20,0.7872
2012-06-21,0.7974
2012-06-22,0.7955
2012-06-25,0.7998
2012-06-26,0.8002
2012-06-27,0.802
2012-06-28,0.8036
2012-06-29,0.7899
2012-07-02,0.7952
2012-07-03,0.7931
2012-07-04,0.7984
2012-07-05,0.807
2012-07-06,0.8139
2012-07-09,0.8122
2012-07-10,0.8163
2012-07-11,0.8171
2012-07-12,0.8194
2012-07-13,0.8163
2012-07-16,0.8149
2012-07-17,0.8133
2012-07-18,0.8141
2012-07-19,0.8144
2012-07-20,0.8224
2012-07-23,0.8254
2012-07-24,0.829
2012-07-25,0.8226
2012-07-26,0.8142
2012-07-27,0.8117
2012-07-30,0.8156
2012-07-31,0.8128
2012-08-01,0.8178
2012-08-02,0.821
2012-08-03,0.8072
2012-08-06,0.8064
2012-08-07,0.8065
2012-08-08,0.8087
2012-08-09,0.8126
2012-08-10,0.8136
2012-08-13,0.8109
2012-08-14,0.8116
2012-08-15,0.8138
2012-08-16,0.8092
2012-08-17,0.8108
2012-08-20,0.81
2012-08-21,0.8018
2012-08-22,0.7982
2012-08-23,0.7959
2012-08-24,0.7992
2012-08-27,0.8001
2012-08-28,0.7958
2012-08-29,0.7981
2012-08-30,0.7996
2012-08-31,0.7952
2012-09-03,0.7941
2012-09-04,0.7958
2012-09-05,0.7937
2012-09-06,0.7917
2012-09-07,0.7802
2012-09-10,0.7837
2012-09-11,0.7779
2012-09-12,0.7752
2012-09-13,0.7699
2012-09-14,0.7616
2012-09-17,0.7624
2012-09-18,0.7664
2012-09-19,0.7663
2012-09-20,0.7711
2012-09-21,0.7704
2012-09-24,0.7734
2012-09-25,0.7752
2012-09-26,0.777
2012-09-27,0.7745
2012-09-28,0.7777
2012-10-01,0.7759
2012-10-02,0.774
2012-10-03,0.7749
2012-10-04,0.7681
2012-10-05,0.7673
2012-10-08,0.7711
2012-10-09,0.7762
2012-10-10,0.7767
2012-10-11,0.7735
2012-10-12,0.772
2012-10-15,0.7723
2012-10-16,0.766
2012-10-17,0.7623
2012-10-18,0.7653
2012-10-19,0.768
2012-10-22,0.7657
2012-10-23,0.7701
2012-10-24,0.7708
2012-10-25,0.7731
2012-10-26,0.7726
2012-10-29,0.775
2012-10-30,0.7716
2012-10-31,0.7719
2012-11-01,0.7726
2012-11-02,0.7789
2012-11-05,0.7815
2012-11-06,0.7804
2012-11-07,0.783
2012-11-08,0.7844
2012-11-09,0.787
2012-11-12,0.7867
2012-11-13,0.7871
2012-11-14,0.7852
2012-11-15,0.7823
2012-11-16,0.7847
2012-11-19,0.7805
2012-11-20,0.7802
2012-11-21,0.7794
2012-11-22,0.7761
2012-11-23,0.7708
2012-11-26,0.7708
2012-11-27,0.7727
2012-11-28,0.772
2012-11-29,0.7705
2012-11-30,0.7699
2012-12-03,0.7661
2012-12-04,0.7636
2012-12-05,0.7653
2012-12-06,0.7712
2012-12-07,0.7735
2012-12-10,0.7727
2012-12-11,0.7689
2012-12-12,0.7649
2012-12-13,0.7647
2012-12-14,0.7598
2012-12-17,0.7597
2012-12-18,0.7559
2012-12-19,0.756
2012-12-20,0.755
2012-12-21,0.7582
2012-12-24,0.7583
2012-12-25,0.7585
2012-12-26,0.7562
2012-12-27,0.7554
2012-12-28,0.7566
2012-12-31,0.758
2013-01-01,0.7575
2013-01-02,0.7584
2013-01-03,0.7664
2013-01-04,0.7652
2013-01-07,0.7624
2013-01-08,0.7645
2013-01-09,0.7655
2013-01-10,0.7535
2013-01-11,0.7495
2013-01-14,0.7474
2013-01-15,0.7516
2013-01-16,0.7525
2013-01-17,0.7475
2013-01-18,0.7509
2013-01-21,0.7511
2013-01-22,0.7508
2013-01-23,0.7509
2013-01-24,0.7475
2013-01-25,0.7428
2013-01-28,0.7432
2013-01-29,0.7412
2013-01-30,0.7371
2013-01-31,0.7365
2013-02-01,0.7332
2013-02-04,0.7401
2013-02-05,0.7362
2013-02-06,0.7394
2013-02-07,0.7463
2013-02-08,0.7482
2013-02-11,0.746
2013-02-12,0.7433
2013-02-13,0.7434
2013-02-14,0.7484
2013-02-15,0.7483
2013-02-18,0.749
2013-02-19,0.7469
2013-02-20,0.7528
2013-02-21,0.7582
2013-02-22,0.7581
2013-02-25,0.7656
2013-02-26,0.7656
2013-02-27,0.7613
2013-02-28,0.7657
2013-03-01,0.7679
2013-03-04,0.7677
2013-03-05,0.7662
2013-03-06,0.7713
2013-03-07,0.763
2013-03-08,0.769
2013-03-11,0.7665
2013-03-12,0.7673
2013-03-13,0.7715
2013-03-14,0.769
2013-03-15,0.7647
2013-03-18,0.7718
2013-03-19,0.7762
2013-03-20,0.7732
2013-03-21,0.7752
2013-03-22,0.7698
2013-03-25,0.778
2013-03-26,0.7775
2013-03-27,0.7825
2013-03-28,0.7802
2013-03-29,0.7802
2013-04-01,0.7783
2013-04-02,0.7801
2013-04-03,0.7782
2013-04-04,0.7731
2013-04-05,0.7695
2013-04-08,0.7687
2013-04-09,0.7644
2013-04-10,0.7651
2013-04-11,0.7632
2013-04-12,0.7625
2013-04-15,0.7672
2013-04-16,0.7589
2013-04-17,0.7674
2013-04-18,0.7662
2013-04-19,0.7661
2013-04-22,0.7653
2013-04-23,0.7692
2013-04-24,0.7684
2013-04-25,0.7686
2013-04-26,0.7675
2013-04-29,0.7634
2013-04-30,0.7594
2013-05-01,0.7587
2013-05-02,0.7654
2013-05-03,0.7624
2013-05-06,0.7648
2013-05-07,0.7646
2013-05-08,0.7603
2013-05-09,0.7667
2013-05-10,0.7698
2013-05-13,0.7707
2013-05-14,0.774
2013-05-15,0.776
2013-05-16,0.7763
2013-05-17,0.779
2013-05-20,0.7763
2013-05-21,0.7748
2013-05-22,0.7777
2013-05-23,0.7731
2013-05-24,0.7732
2013-05-27,0.7734
2013-05-28,0.7778
2013-05-29,0.7728
2013-05-30,0.7663
2013-05-31,0.7694
2013-06-03,0.7648
2013-06-04,0.7646
2013-06-05,0.7637
2013-06-06,0.7549
2013-06-07,0.7566
2013-06-10,0.7543
2013-06-11,0.751
2013-06-12,0.7498
2013-06-13,0.7476
2013-06-14,0.7493
2013-06-17,0.7481
2013-06-18,0.7466
2013-06-19,0.7521
2013-06-20,0.7564
2013-06-21,0.7621
2013-06-24,0.7622
2013-06-25,0.7644
2013-06-26,0.7685
2013-06-27,0.767
2013-06-28,0.7687
2013-07-01,0.7655
2013-07-02,0.7705
2013-07-03,0.7686
2013-07-04,0.7743
2013-07-05,0.7794
2013-07-08,0.777
2013-07-09,0.7824
2013-07-10,0.7708
2013-07-11,0.7636
2013-07-12,0.7653
2013-07-15,0.7655
2013-07-16,0.7598
2013-07-17,0.7619
2013-07-18,0.7628
2013-07-19,0.7609
2013-07-22,0.7584
2013-07-23,0.7563
2013-07-24,0.7575
2013-07-25,0.7532
2013-07-26,0.753
2013-07-29,0.7541
2013-07-30,0.754
2013-07-31,0.7517
2013-08-01,0.7571
2013-08-02,0.7529
2013-08-05,0.7542
2013-08-06,0.7516
2013-08-07,0.7498
2013-08-08,0.7473
2013-08-09,0.7495
2013-08-12,0.7519
2013-08-13,0.754
2013-08-14,0.7544
2013-08-15,0.7494
2013-08-16,0.7503
2013-08-19,0.7499
2013-08-20,0.7454
2013-08-21,0.7487
2013-08-22,0.7487
2013-08-23,0.7473
2013-08-26,0.748
2013-08-27,0.7467
2013-08-28,0.7497
2013-08-29,0.7552
2013-08-30,0.7564
2013-09-02,0.758
2013-09-03,0.7593
2013-09-04,0.7572
2013-09-05,0.7622
2013-09-06,0.7589
2013-09-09,0.7544
2013-09-10,0.7537
2013-09-11,0.7512
2013-09-12,0.752
2013-09-13,0.7521
2013-09-16,0.75
2013-09-17,0.7485
2013-09-18,0.7395
2013-09-19,0.7391
2013-09-20,0.7395
2013-09-23,0.7411
2013-09-24,0.7422
2013-09-25,0.7393
2013-09-26,0.7414
2013-09-27,0.7396
2013-09-30,0.7393
2013-10-01,0.7393
2013-10-02,0.7365
2013-10-03,0.7343
2013-10-04,0.7378
2013-10-07,0.7363
2013-10-08,0.7367
2013-10-09,0.7395
2013-10-10,0.7396
2013-10-11,0.7384
2013-10-14,0.7375
2013-10-15,0.7394
2013-10-16,0.7389
2013-10-17,0.7313
2013-10-18,0.7309
2013-10-21,0.731
2013-10-22,0.7256
2013-10-23,0.7259
2013-10-24,0.7246
2013-10-25,0.7245
2013-10-28,0.7254
2013-10-29,0.7275
2013-10-30,0.728
2013-10-31,0.7362
2013-11-01,0.7414
2013-11-04,0.74
2013-11-05,0.7421
2013-11-06,0.74
2013-11-07,0.7452
2013-11-08,0.7481
2013-11-11,0.7459
2013-11-12,0.7442
2013-11-13,0.7415
2013-11-14,0.743
2013-11-15,0.741
2013-11-18,0.7404
2013-11-19,0.7386
2013-11-20,0.7441
2013-11-21,0.7418
2013-11-22,0.7377
2013-11-25,0.7398
2013-11-26,0.7367
2013-11-27,0.7364
2013-11-28,0.735
2013-11-29,0.7358
2013-12-02,0.7385
2013-12-03,0.7359
2013-12-04,0.7356
2013-12-05,0.7317
2013-12-06,0.7295
2013-12-09,0.7278
2013-12-10,0.7267
2013-12-11,0.7254
2013-12-12,0.7272
2013-12-13,0.7277
2013-12-16,0.7267
2013-12-17,0.7263
2013-12-18,0.7308
2013-12-19,0.732
2013-12-20,0.7314
2013-12-23,0.7302
2013-12-24,0.731
2013-12-25,0.731
2013-12-26,0.7304
2013-12-27,0.7276
2013-12-30,0.7245
2013-12-31,0.7277
2014-01-01,0.7268
2014-01-02,0.7314
2014-01-03,0.7361
2014-01-06,0.7338
2014-01-07,0.7345
2014-01-08,0.7366
2014-01-09,0.7349
2014-01-10,0.7315
2014-01-13,0.7314
2014-01-14,0.731
2014-01-15,0.735
2014-01-16,0.7342
2014-01-17,0.7385
2014-01-20,0.7379
2014-01-21,0.7374
2014-01-22,0.7383
2014-01-23,0.7301
2014-01-24,0.7312
2014-01-27,0.7313
2014-01-28,0.7316
2014-01-29,0.7319
2014-01-30,0.7378
2014-01-31,0.7415
2014-02-03,0.7393
2014-02-04,0.7397
2014-02-05,0.7389
2014-02-06,0.7358
2014-02-07,0.7335
2014-02-10,0.7328
2014-02-11,0.7332
2014-02-12,0.7357
2014-02-13,0.731
2014-02-14,0.7303
2014-02-17,0.7295
2014-02-18,0.7268
2014-02-19,0.7281
2014-02-20,0.7289
2014-02-21,0.7278
2014-02-24,0.728
2014-02-25,0.7275
2014-02-26,0.7306
2014-02-27,0.7294
2014-02-28,0.7246
2014-03-03,0.7281
2014-03-04,0.7277
2014-03-05,0.7281
2014-03-06,0.7215
2014-03-07,0.7206
2014-03-10,0.7206
2014-03-11,0.7215
2014-03-12,0.7192
2014-03-13,0.721
2014-03-14,0.7189
2014-03-17,0.7183
2014-03-18,0.7177
2014-03-19,0.7229
2014-03-20,0.7258
2014-03-21,0.725
2014-03-24,0.7226
2014-03-25,0.7233
2014-03-26,0.7255
2014-03-27,0.7278
2014-03-28,0.7272
2014-03-31,0.7263
2014-04-01,0.725
2014-04-02,0.7264
2014-04-03,0.7289
2014-04-04,0.7298
2014-04-07,0.7277
2014-04-08,0.7248
2014-04-09,0.7219
2014-04-10,0.7201
2014-04-11,0.7202
2014-04-14,0.7235
2014-04-15,0.7239
2014-04-16,0.7238
2014-04-17,0.7239
2014-04-18,0.7239
2014-04-21,0.7249
2014-04-22,0.7244
2014-04-23,0.7236
2014-04-24,0.723
2014-04-25,0.7228
2014-04-28,0.7219
2014-04-29,0.724
2014-04-30,0.7211
2014-05-01,0.721
2014-05-02,0.7208
2014-05-05,0.7208
2014-05-06,0.718
2014-05-07,0.7189
2014-05-08,0.7226
2014-05-09,0.7267
2014-05-12,0.7269
2014-05-13,0.7297
2014-05-14,0.7292
2014-05-15,0.7292
2014-05-16,0.7303
2014-05-19,0.7294
2014-05-20,0.7298
2014-05-21,0.7307
2014-05-22,0.7323
2014-05-23,0.7338
2014-05-26,0.7327
2014-05-27,0.7336
2014-05-28,0.7358
2014-05-29,0.7353
2014-05-30,0.7335
2014-06-02,0.7355
2014-06-03,0.7338
2014-06-04,0.7354
2014-06-05,0.7321
2014-06-06,0.7328
2014-06-09,0.7356
2014-06-10,0.7382
2014-06-11,0.7391
2014-06-12,0.7378
2014-06-13,0.7385
2014-06-16,0.7367
2014-06-17,0.7382
2014-06-18,0.7355
2014-06-19,0.7349
2014-06-20,0.7354
2014-06-23,0.7351
2014-06-24,0.7349
2014-06-25,0.7338
2014-06-26,0.7347
2014-06-27,0.7326
2014-06-30,0.7305
2014-07-01,0.7311
2014-07-02,0.7321
2014-07-03,0.7347
2014-07-04,0.7356
2014-07-07,0.7351
2014-07-08,0.7347
2014-07-09,0.7332
2014-07-10,0.7348
2014-07-11,0.7349
2014-07-14,0.7343
2014-07-15,0.7367
2014-07-16,0.7394
2014-07-17,0.7393
2014-07-18,0.7395
2014-07-21,0.7394
2014-07-22,0.7428
2014-07-23,0.7427
2014-07-24,0.7426
2014-07-25,0.7446
2014-07-28,0.7441
2014-07-29,0.7458
2014-07-30,0.7467
2014-07-31,0.7466
2014-08-01,0.7448
2014-08-04,0.7451
2014-08-05,0.7476
2014-08-06,0.7473
2014-08-07,0.7483
2014-08-08,0.7456
2014-08-11,0.7471
2014-08-12,0.748
2014-08-13,0.7483
2014-08-14,0.7482
2014-08-15,0.7463
2014-08-18,0.7483
2014-08-19,0.7508
2014-08-20,0.7542
2014-08-21,0.753
2014-08-22,0.7552
2014-08-25,0.758
2014-08-26,0.7595
2014-08-27,0.758
2014-08-28,0.7586
2014-08-29,0.7615
2014-09-01,0.7617
2014-09-02,0.7614
2014-09-03,0.7605
2014-09-04,0.7726
2014-09-05,0.7721
2014-09-08,0.7755
2014-09-09,0.7729
2014-09-10,0.7742
2014-09-11,0.7737
2014-09-12,0.7715
2014-09-15,0.7728
2014-09-16,0.7717
2014-09-17,0.7773
2014-09-18,0.7739
2014-09-19,0.7794
2014-09-22,0.7783
2014-09-23,0.7785
2014-09-24,0.7825
2014-09-25,0.7844
2014-09-26,0.7884
2014-09-29,0.7882
2014-09-30,0.7917
2014-10-01,0.7922
2014-10-02,0.7894
2014-10-03,0.7991
2014-10-06,0.7904
2014-10-07,0.7891
2014-10-08,0.7853
2014-10-09,0.788
2014-10-10,0.7919
2014-10-13,0.7841
2014-10-14,0.79
2014-10-15,0.7789
2014-10-16,0.7807
2014-10-17,0.7839
2014-10-20,0.7813
2014-10-21,0.7864
2014-10-22,0.7908
2014-10-23,0.7906
2014-10-24,0.7893
2014-10-27,0.7875
2014-10-28,0.7854
2014-10-29,0.7917
2014-10-30,0.7929
2014-10-31,0.7983
2014-11-03,0.8012
2014-11-04,0.797
2014-11-05,0.8009
2014-11-06,0.8081
2014-11-07,0.8029
2014-11-10,0.8051
2014-11-11,0.8017
2014-11-12,0.804
2014-11-13,0.8016
2014-11-14,0.7984
2014-11-17,0.8032
2014-11-18,0.7977
2014-11-19,0.7966
2014-11-20,0.7975
2014-11-21,0.8071
2014-11-24,0.8038
2014-11-25,0.8017
2014-11-26,0.7996
2014-11-27,0.8021
2014-11-28,0.8033
2014-12-01,0.8019
2014-12-02,0.8076
2014-12-03,0.8123
2014-12-04,0.8077
2014-12-05,0.8141
2014-12-08,0.8119
2014-12-09,0.8081
2014-12-10,0.8034
2014-12-11,0.8057
2014-12-12,0.8025
2014-12-15,0.804
2014-12-16,0.7994
2014-12-17,0.8102
2014-12-18,0.8139
2014-12-19,0.8178
2014-12-22,0.8175
2014-12-23,0.8216
2014-12-24,0.8199
2014-12-25,0.8181
2014-12-26,0.821
2014-12-29,0.8227
2014-12-30,0.8227
2014-12-31,0.8266
2015-01-01,0.8262
2015-01-02,0.8332
2015-01-05,0.838
2015-01-06,0.841
2015-01-07,0.8446
2015-01-08,0.8478
2015-01-09,0.8444
2015-01-12,0.8451
2015-01-13,0.8494
2015-01-14,0.8482
2015-01-15,0.8597
2015-01-16,0.8649
2015-01-19,0.8616
2015-01-20,0.8659
2015-01-21,0.8613
2015-01-22,0.88
2015-01-23,0.8923
2015-01-26,0.8896
2015-01-27,0.8787
2015-01-28,0.886
2015-01-29,0.8834
2015-01-30,0.8861
2015-02-02,0.8819
2015-02-03,0.871
2015-02-04,0.882
2015-02-05,0.8713
2015-02-06,0.8838
2015-02-09,0.8832
2015-02-10,0.8833
2015-02-11,0.8823
2015-02-12,0.8769
2015-02-13,0.8778
2015-02-16,0.8807
2015-02-17,0.8763
2015-02-18,0.8774
2015-02-19,0.8797
2015-02-20,0.8787
2015-02-23,0.8823
2015-02-24,0.8818
2015-02-25,0.8802
2015-02-26,0.893
2015-02-27,0.8931
2015-03-02,0.8942
2015-03-03,0.8948
2015-03-04,0.9026
2015-03-05,0.9068
2015-03-06,0.9223
2015-03-09,0.9215
2015-03-10,0.9348
2015-03-11,0.9481
2015-03-12,0.9403
2015-03-13,0.9527
2015-03-16,0.9462
2015-03-17,0.9436
2015-03-18,0.92
2015-03-19,0.9382
2015-03-20,0.9242
2015-03-23,0.9136
2015-03-24,0.9154
2015-03-25,0.9116
2015-03-26,0.9188
2015-03-27,0.9183
2015-03-30,0.9229
2015-03-31,0.9318
2015-04-01,0.9291
2015-04-02,0.9191
2015-04-03,0.9114
2015-04-06,0.9156
2015-04-07,0.9246
2015-04-08,0.9276
2015-04-09,0.9381
2015-04-10,0.9432
2015-04-13,0.9463
2015-04-14,0.9385
2015-04-15,0.9359
2015-04-16,0.9293
2015-04-17,0.9254
2015-04-20,0.9313
2015-04-21,0.9315
2015-04-22,0.9324
2015-04-23,0.9239
2015-04-24,0.9195
2015-04-27,0.9184
2015-04-28,0.9106
2015-04-29,0.8986
2015-04-30,0.8911
2015-05-01,0.893
2015-05-04,0.8971
2015-05-05,0.894
2015-05-06,0.8813
2015-05-07,0.8876
2015-05-08,0.8921
2015-05-11,0.8964
2015-05-12,0.8918
2015-05-13,0.8807
2015-05-14,0.8764
2015-05-15,0.8735
2015-05-18,0.8838
2015-05-19,0.8969
2015-05-20,0.9014
2015-05-21,0.8999
2015-05-22,0.908
2015-05-25,0.911
2015-05-26,0.9198
2015-05-27,0.9171
2015-05-28,0.9134
2015-05-29,0.9098
2015-06-01,0.9152
2015-06-02,0.8968
2015-06-03,0.8869
2015-06-04,0.8898
2015-06-05,0.8998
2015-06-08,0.8856
2015-06-09,0.8864
2015-06-10,0.883
2015-06-11,0.8883
2015-06-12,0.8873
2015-06-15,0.8862
2015-06-16,0.889
2015-06-17,0.882
2015-06-18,0.8802
2015-06-19,0.8809
2015-06-22,0.8818
2015-06-23,0.8955
2015-06-24,0.8924
2015-06-25,0.8924
2015-06-26,0.8951
2015-06-29,0.89
2015-06-30,0.8979
2015-07-01,0.9047
2015-07-02,0.9022
2015-07-03,0.9005
2015-07-06,0.9045
2015-07-07,0.9081
2015-07-08,0.9028
2015-07-09,0.9061
2015-07-10,0.8962
2015-07-13,0.909
2015-07-14,0.9084
2015-07-15,0.9134
2015-07-16,0.9196
2015-07-17,0.9234
2015-07-20,0.9238
2015-07-21,0.9143
2015-07-22,0.915
2015-07-23,0.9106
2015-07-24,0.9106
2015-07-27,0.9018
2015-07-28,0.9041
2015-07-29,0.9104
2015-07-30,0.9147
2015-07-31,0.9104
2015-08-03,0.9132
2015-08-04,0.919
2015-08-05,0.9169
2015-08-06,0.9153
2015-08-07,0.9118
2015-08-10,0.9075
2015-08-11,0.9056
2015-08-12,0.8961
2015-08-13,0.8968
2015-08-14,0.9002
2015-08-17,0.9027
2015-08-18,0.907
2015-08-19,0.8992
2015-08-20,0.8896
2015-08-21,0.8782
2015-08-24,0.8606
2015-08-25,0.8683
2015-08-26,0.8838
2015-08-27,0.8893
2015-08-28,0.8941
2015-08-31,0.892
2015-09-01,0.8838
2015-09-02,0.8907
2015-09-03,0.899
2015-09-04,0.8969
2015-09-07,0.8952
2015-09-08,0.8927
2015-09-09,0.8923
2015-09-10,0.8865
2015-09-11,0.882
2015-09-14,0.8837
2015-09-15,0.8874
2015-09-16,0.8856
2015-09-17,0.8745
2015-09-18,0.8849
2015-09-21,0.8937
2015-09-22,0.8993
2015-09-23,0.894
2015-09-24,0.8903
2015-09-25,0.893
2015-09-28,0.8894
2015-09-29,0.889
2015-09-30,0.8947
2015-10-01,0.8933
2015-10-02,0.8919
2015-10-05,0.8938
2015-10-06,0.8872
2015-10-07,0.8899
2015-10-08,0.8869
2015-10-09,0.8804
2015-10-12,0.8804
2015-10-13,0.8788
2015-10-14,0.8716
2015-10-15,0.8784
2015-10-16,0.8813
2015-10-19,0.8827
2015-10-20,0.8814
2015-10-21,0.8819
2015-10-22,0.9002
2015-10-23,0.9076
2015-10-26,0.9043
2015-10-27,0.9054
2015-10-28,0.9154
2015-10-29,0.911
2015-10-30,0.9086
2015-11-02,0.9078
2015-11-03,0.912
2015-11-04,0.9203
2015-11-05,0.9188
2015-11-06,0.9311
2015-11-09,0.9302
2015-11-10,0.9324
2015-11-11,0.9308
2015-11-12,0.9248
2015-11-13,0.9282
2015-11-16,0.9358
2015-11-17,0.9396
2015-11-18,0.9381
2015-11-19,0.9316
2015-11-20,0.9393
2015-11-23,0.9402
2015-11-24,0.9396
2015-11-25,0.9412
2015-11-26,0.9425
2015-11-27,0.9439
2015-11-30,0.9466
2015-12-01,0.9405
2015-12-02,0.9421
2015-12-03,0.9142
2015-12-04,0.919
2015-12-07,0.9227
2015-12-08,0.9181
2015-12-09,0.907
2015-12-10,0.914
2015-12-11,0.9097
2015-12-14,0.9095
2015-12-15,0.9148
2015-12-16,0.9164
2015-12-17,0.9237
2015-12-18,0.9202
2015-12-21,0.9162
2015-12-22,0.9126
2015-12-23,0.9164
2015-12-24,0.9121
2015-12-25,0.9125
2015-12-28,0.9117
2015-12-29,0.9158
2015-12-30,0.9148
2015-12-31,0.921
2016-01-01,0.9211
2016-01-04,0.9232
2016-01-05,0.9304
2016-01-06,0.9276
2016-01-07,0.9148
2016-01-08,0.9153
2016-01-11,0.9209
2016-01-12,0.921
2016-01-13,0.9194
2016-01-14,0.9203
2016-01-15,0.9163
2016-01-18,0.9181
2016-01-19,0.9168
2016-01-20,0.9182
2016-01-21,0.9196
2016-01-22,0.9261
2016-01-25,0.9217
2016-01-26,0.92
2016-01-27,0.918
2016-01-28,0.9141
2016-01-29,0.9233
2016-02-01,0.9184
2016-02-02,0.9158
2016-02-03,0.9006
2016-02-04,0.8922
2016-02-05,0.8962
2016-02-08,0.8934
2016-02-09,0.8854
2016-02-10,0.8855
2016-02-11,0.8832
2016-02-12,0.8884
2016-02-15,0.8964
2016-02-16,0.8973
2016-02-17,0.8987
2016-02-18,0.9003
2016-02-19,0.8985
2016-02-22,0.9067
2016-02-23,0.9075
2016-02-24,0.908
2016-02-25,0.9076
2016-02-26,0.9148
2016-02-29,0.9197
2016-03-01,0.9201
2016-03-02,0.9201
2016-03-03,0.9127
2016-03-04,0.9086
2016-03-07,0.908
2016-03-08,0.9082
2016-03-09,0.9091
2016-03-10,0.8945
2016-03-11,0.897
2016-03-14,0.9007
2016-03-15,0.9002
2016-03-16,0.8909
2016-03-17,0.8835
2016-03-18,0.8873
2016-03-21,0.8896
2016-03-22,0.8915
2016-03-23,0.8944
2016-03-24,0.8949
2016-03-25,0.8955
2016-03-28,0.8933
2016-03-29,0.8856
2016-03-30,0.882
2016-03-31,0.8787
2016-04-01,0.8779
2016-04-04,0.878
2016-04-05,0.8784
2016-04-06,0.8773
2016-04-07,0.8789
2016-04-08,0.8774
2016-04-11,0.8764
2016-04-12,0.8783
2016-04-13,0.887
2016-04-14,0.8875
2016-04-15,0.8862
2016-04-18,0.8839
2016-04-19,0.8804
2016-04-20,0.8852
2016-04-21,0.886
2016-04-22,0.8909
2016-04-25,0.8873
2016-04-26,0.8852
2016-04-27,0.8832
2016-04-28,0.8809
2016-04-29,0.8733
2016-05-02,0.867
2016-05-03,0.8698
2016-05-04,0.8705
2016-05-05,0.8768
2016-05-06,0.8769
2016-05-09,0.8786
2016-05-10,0.8793
2016-05-11,0.8752
2016-05-12,0.879
2016-05-13,0.8844
2016-05-16,0.8834
2016-05-17,0.8839
2016-05-18,0.8915
2016-05-19,0.8926
2016-05-20,0.891
2016-05-23,0.8913
2016-05-24,0.8976
2016-05-25,0.8965
2016-05-26,0.8934
2016-05-27,0.8997
2016-05-30,0.8978
2016-05-31,0.8983
2016-06-01,0.8939
2016-06-02,0.8967
2016-06-03,0.8798
2016-06-06,0.8807
2016-06-07,0.8804
2016-06-08,0.8776
2016-06-09,0.8837
2016-06-10,0.8888
2016-06-13,0.8855
2016-06-14,0.8923
2016-06-15,0.8881
2016-06-16,0.8908
2016-06-17,0.8868
2016-06-20,0.8841
2016-06-21,0.8895
2016-06-22,0.8852
2016-06-23,0.8785
2016-06-24,0.9005
2016-06-27,0.907
2016-06-28,0.9037
2016-06-29,0.8989
2016-06-30,0.9004
2016-07-01,0.8979
2016-07-04,0.8965
2016-07-05,0.9029
2016-07-06,0.9009
2016-07-07,0.904
2016-07-08,0.905
2016-07-11,0.9043
2016-07-12,0.9041
2016-07-13,0.9017
2016-07-14,0.8993
2016-07-15,0.9062
2016-07-18,0.9029
2016-07-19,0.9074
2016-07-20,0.9079
2016-07-21,0.9069
2016-07-22,0.911
2016-07-25,0.9095
2016-07-26,0.9103
2016-07-27,0.9043
2016-07-28,0.9028
2016-07-29,0.8949
2016-08-01,0.8958
2016-08-02,0.891
2016-08-03,0.8968
2016-08-04,0.8985
2016-08-05,0.902
2016-08-08,0.9019
2016-08-09,0.8995
2016-08-10,0.8948
2016-08-11,0.8979
2016-08-12,0.8959
2016-08-15,0.8942
2016-08-16,0.8866
2016-08-17,0.8856
2016-08-18,0.8808
2016-08-19,0.883
2016-08-22,0.8833
2016-08-23,0.8845
2016-08-24,0.8878
2016-08-25,0.886
2016-08-26,0.8931
2016-08-29,0.8938
2016-08-30,0.8974
2016-08-31,0.8962
2016-09-01,0.8931
2016-09-02,0.8964
2016-09-05,0.8971
2016-09-06,0.8885
2016-09-07,0.8897
2016-09-08,0.888
2016-09-09,0.8903
2016-09-12,0.89
2016-09-13,0.8912
2016-09-14,0.8889
2016-09-15,0.8894
2016-09-16,0.8963
2016-09-19,0.8949
2016-09-20,0.8968
2016-09-21,0.8937
2016-09-22,0.8922
2016-09-23,0.8908
2016-09-26,0.8886
2016-09-27,0.8915
2016-09-28,0.8915
2016-09-29,0.891
2016-09-30,0.8901
2016-10-03,0.892
2016-10-04,0.8925
2016-10-05,0.8924
2016-10-06,0.8968
2016-10-07,0.8929
2016-10-10,0.8977
2016-10-11,0.9047
2016-10-12,0.9085
2016-10-13,0.9044
2016-10-14,0.9113
2016-10-17,0.9091
2016-10-18,0.9107
2016-10-19,0.9113
2016-10-20,0.915
2016-10-21,0.9187
2016-10-24,0.919
2016-10-25,0.9184
2016-10-26,0.9167
2016-10-27,0.9177
2016-10-28,0.9102
2016-10-31,0.9107
2016-11-01,0.9045
2016-11-02,0.9011
2016-11-03,0.9005
2016-11-04,0.8976
2016-11-07,0.9058
2016-11-08,0.907
2016-11-09,0.9167
2016-11-10,0.918
2016-11-11,0.9211
2016-11-14,0.9314
2016-11-15,0.9326
2016-11-16,0.9354
2016-11-17,0.9412
2016-11-18,0.9444
2016-11-21,0.9409
2016-11-22,0.941
2016-11-23,0.9477
2016-11-24,0.9475
2016-11-25,0.944
2016-11-28,0.9424
2016-11-29,0.939
2016-11-30,0.9444
2016-12-01,0.9379
2016-12-02,0.9375
2016-12-05,0.929
2016-12-06,0.933
2016-12-07,0.93
2016-12-08,0.9421
2016-12-09,0.9469
2016-12-12,0.9402
2016-12-13,0.9411
2016-12-14,0.9491
2016-12-15,0.9603
2016-12-16,0.9568
2016-12-19,0.9613
2016-12-20,0.9627
2016-12-21,0.9593
2016-12-22,0.9581
2016-12-23,0.9564
2016-12-26,0.9565
2016-12-27,0.9563
2016-12-28,0.9604
2016-12-29,0.9532
2016-12-30,0.9506
2017-01-02,0.9565
2017-01-03,0.9611
2017-01-04,0.9534
2017-01-05,0.9428
2017-01-06,0.9493
2017-01-09,0.9459
2017-01-10,0.9475
2017-01-11,0.945
2017-01-12,0.9423
2017-01-13,0.9395
2017-01-16,0.9434
2017-01-17,0.9334
2017-01-18,0.9408
2017-01-19,0.9377
2017-01-20,0.9345
2017-01-23,0.929
2017-01-24,0.9319
2017-01-25,0.9304
2017-01-26,0.9361
2017-01-27,0.9347
2017-01-30,0.9349
2017-01-31,0.9261
2017-02-01,0.9286
2017-02-02,0.9295
2017-02-03,0.9272
2017-02-06,0.9302
2017-02-07,0.936
2017-02-08,0.9347
2017-02-09,0.9385
2017-02-10,0.9398
2017-02-13,0.9437
2017-02-14,0.9454
2017-02-15,0.9434
2017-02-16,0.9369
2017-02-17,0.9422
2017-02-20,0.9421
2017-02-21,0.9491
2017-02-22,0.9471
2017-02-23,0.945
2017-02-24,0.9468
2017-02-27,0.9446
2017-02-28,0.9455
2017-03-01,0.9482
2017-03-02,0.9518
2017-03-03,0.9413
2017-03-06,0.9451
2017-03-07,0.9464
2017-03-08,0.9487
2017-03-09,0.9454
2017-03-10,0.9369
2017-03-13,0.9387
2017-03-14,0.943
2017-03-15,0.9317
2017-03-16,0.9289
2017-03-17,0.9312
2017-03-20,0.9312
2017-03-21,0.925
2017-03-22,0.9262
2017-03-23,0.9274
2017-03-24,0.9261
2017-03-27,0.9206
2017-03-28,0.9247
2017-03-29,0.9289
2017-03-30,0.9368
2017-03-31,0.9385
2017-04-03,0.9372
2017-04-04,0.9369
2017-04-05,0.9378
2017-04-06,0.9394
2017-04-07,0.9443
2017-04-10,0.9437
2017-04-11,0.943
2017-04-12,0.9376
2017-04-13,0.9423
2017-04-14,0.9422
2017-04-17,0.9396
2017-04-18,0.9319
2017-04-19,0.9336
2017-04-20,0.9331
2017-04-21,0.9325
2017-04-24,0.9201
2017-04-25,0.9152
2017-04-26,0.9171
2017-04-27,0.9197
2017-04-28,0.9178
2017-05-01,0.9175
2017-05-02,0.9147
2017-05-03,0.9187
2017-05-04,0.9104
2017-05-05,0.9092
2017-05-08,0.9154
2017-05-09,0.9196
2017-05-10,0.9202
2017-05-11,0.9207
2017-05-12,0.9147
2017-05-15,0.9111
2017-05-16,0.9023
2017-05-17,0.8961
2017-05-18,0.9007
2017-05-19,0.8923
2017-05-22,0.8899
2017-05-23,0.8942
2017-05-24,0.8914
2017-05-25,0.892
2017-05-26,0.8944
2017-05-29,0.8958
2017-05-30,0.894
2017-05-31,0.8894
2017-06-01,0.8919
2017-06-02,0.8863
2017-06-05,0.8886
2017-06-06,0.8867
2017-06-07,0.8884
2017-06-08,0.8918
2017-06-09,0.8933
2017-06-12,0.8926
2017-06-13,0.892
2017-06-14,0.8914
2017-06-15,0.8973
2017-06-16,0.8931
2017-06-19,0.897
2017-06-20,0.8981
2017-06-21,0.8954
2017-06-22,0.8968
2017-06-23,0.8933
2017-06-26,0.8943
2017-06-27,0.8819
2017-06-28,0.879
2017-06-29,0.8741
2017-06-30,0.8752
2017-07-03,0.88
2017-07-04,0.8815
2017-07-05,0.8809
2017-07-06,0.8754
2017-07-07,0.8772
2017-07-10,0.8772
2017-07-11,0.8721
2017-07-12,0.8763
2017-07-13,0.8774
2017-07-14,0.8719
2017-07-17,0.8712
2017-07-18,0.8655
2017-07-19,0.8684
2017-07-20,0.8598
2017-07-21,0.8572
2017-07-24,0.8589
2017-07-25,0.8585
2017-07-26,0.8522
2017-07-27,0.8564
2017-07-28,0.8511
2017-07-31,0.8445
2017-08-01,0.8473
2017-08-02,0.8435
2017-08-03,0.8425
2017-08-04,0.8494
2017-08-07,0.8478
2017-08-08,0.8509
2017-08-09,0.8504
2017-08-10,0.8495
2017-08-11,0.8459
2017-08-14,0.8488
2017-08-15,0.8522
2017-08-16,0.8498
2017-08-17,0.853
2017-08-18,0.8503
2017-08-21,0.8464
2017-08-22,0.8502
2017-08-23,0.847
2017-08-24,0.8475
2017-08-25,0.8386
2017-08-28,0.8348
2017-08-29,0.8352
2017-08-30,0.8415
2017-08-31,0.8397
2017-09-01,0.8432
2017-09-04,0.8406
2017-09-05,0.8394
2017-09-06,0.8391
2017-09-07,0.8317
2017-09-08,0.8308
2017-09-11,0.8366
2017-09-12,0.8357
2017-09-13,0.8413
2017-09-14,0.839
2017-09-15,0.837
2017-09-18,0.8365
2017-09-19,0.8337
2017-09-20,0.8408
2017-09-21,0.8374
2017-09-22,0.8368
2017-09-25,0.8439
2017-09-26,0.848
2017-09-27,0.8514
2017-09-28,0.8484
2017-09-29,0.8464
2017-10-02,0.8523
2017-10-03,0.8515
2017-10-04,0.8504
2017-10-05,0.8539
2017-10-06,0.8525
2017-10-09,0.8518
2017-10-10,0.8469
2017-10-11,0.8432
2017-10-12,0.8453
2017-10-13,0.8459
2017-10-16,0.8477
2017-10-17,0.8499
2017-10-18,0.8484
2017-10-19,0.8437
2017-10-20,0.8487
2017-10-23,0.8511
2017-10-24,0.8503
2017-10-25,0.8465
2017-10-26,0.8584
2017-10-27,0.8614
2017-10-30,0.8582
2017-10-31,0.8587
2017-11-01,0.8607
2017-11-02,0.8577
2017-11-03,0.8615
2017-11-06,0.8613
2017-11-07,0.8631
2017-11-08,0.8625
2017-11-09,0.859
2017-11-10,0.8573
2017-11-13,0.8571
2017-11-14,0.8476
2017-11-15,0.8481
2017-11-16,0.8497
2017-11-17,0.8481
2017-11-20,0.8523
2017-11-21,0.8519
2017-11-22,0.8459
2017-11-23,0.8439
2017-11-24,0.838
2017-11-27,0.8405
2017-11-28,0.8446
2017-11-29,0.8441
2017-11-30,0.8401
2017-12-01,0.8408
2017-12-04,0.8428
2017-12-05,0.8456
2017-12-06,0.8478
2017-12-07,0.8494
2017-12-08,0.8494
2017-12-11,0.8497
2017-12-12,0.8516
2017-12-13,0.8456
2017-12-14,0.8491
2017-12-15,0.8511
2017-12-18,0.8488
2017-12-19,0.8446
2017-12-20,0.8424
2017-12-21,0.8422
2017-12-22,0.843
2017-12-25,0.8426
2017-12-26,0.8433
2017-12-27,0.8412
2017-12-28,0.8373
2017-12-29,0.833
2018-01-02,0.8293
2018-01-03,0.8323
2018-01-04,0.8286
2018-01-05,0.8313
2018-01-08,0.8356
2018-01-09,0.8378
2018-01-10,0.837
2018-01-11,0.8311
2018-01-12,0.8195
2018-01-15,0.8154
2018-01-16,0.8157
2018-01-17,0.8206
2018-01-18,0.8171
2018-01-19,0.8184
2018-01-22,0.8155
2018-01-23,0.8131
2018-01-24,0.8059
2018-01-25,0.8067
2018-01-26,0.8045
2018-01-29,0.8076
2018-01-30,0.8063
2018-01-31,0.8056
2018-02-01,0.7996
2018-02-02,0.8028
2018-02-05,0.8087
2018-02-06,0.808
2018-02-07,0.8154
2018-02-08,0.8165
2018-02-09,0.8162
2018-02-12,0.8136
2018-02-13,0.8096
2018-02-14,0.8032
2018-02-15,0.7996
2018-02-16,0.806
2018-02-19,0.806
2018-02-20,0.8105
2018-02-21,0.8141
2018-02-22,0.811
2018-02-23,0.8133
2018-02-26,0.8119
2018-02-27,0.8174
2018-02-28,0.8201
2018-03-01,0.8152
2018-03-02,0.8118
2018-03-05,0.8107
2018-03-06,0.8061
2018-03-07,0.8057
2018-03-08,0.8122
2018-03-09,0.8126
2018-03-12,0.8107
2018-03-13,0.8071
2018-03-14,0.8086
2018-03-15,0.8127
2018-03-16,0.8137
2018-03-19,0.8107
2018-03-20,0.8169
2018-03-21,0.8105
2018-03-22,0.8129
2018-03-23,0.8095
2018-03-26,0.8035
2018-03-27,0.8063
2018-03-28,0.8124
2018-03-29,0.813
2018-03-30,0.8114
