"","X1","date","snp_ret","gdp_lag3","hpi_lag3","ur_lag1","indpro_lag1","Personal_income_lag1","Personal_dividend_income_lag1","Population_lag1","clusters_fcm"
"1",1,1970-04-01,-0.0994847890088322,18.2,59.75,4.4,39.171,846.7,24.4,204246,2
"2",2,1970-05-01,-0.0649248856956238,12.5535408285655,60.4422744290777,4.6,39.0702,861.4,24.3,204504,2
"3",3,1970-06-01,-0.0526677667766776,9.21690505649175,60.8741634176831,4.8,39.0247,858.3,24.3,204719,2
"4",4,1970-07-01,0.0682895579756566,7.74937315487399,61.0836840577242,4.9,38.8985,859.2,24.2,204941,2
"5",5,1970-08-01,0.0425662414131501,7.60357154897133,61.1429438800956,5,38.994,869,24.2,205174,2
"6",6,1970-09-01,0.0319439496496853,7.92143724377666,61.1312253752041,5.1,38.9245,873.8,24.2,205418,2
"7",7,1970-10-01,-0.0115315315315315,7.73262717303623,61.1535844295081,5.4,38.6561,879.2,24.3,205664,2
"8",8,1970-11-01,0.0452981651376147,6.32380537259668,61.3129622344964,5.5,37.8829,879.3,24.4,205906,2
"9",9,1970-12-01,0.0537167661421595,4.61962618668836,61.6336409214792,5.9,37.6534,881.5,24.5,206131,2
"10",10,1971-01-01,0.0389027951606173,4.16739586713862,62.0008671516503,6.1,38.5182,888,23.8,206352,2
"11",11,1971-02-01,0.00899224806201555,6.26378491266098,62.2836479946369,5.9,38.8144,898.2,25.2,206567,2
"12",12,1971-03-01,0.035489981058718,10.0283405191213,62.3917441500296,5.9,38.7405,902.6,25.1,206762,2
"13",13,1971-04-01,0.035016835016835,13.5716319696745,62.4471765020266,6,38.6985,908.2,24.8,206960,2
"14",14,1971-05-01,-0.0433604336043361,15.1303187841672,62.6379350129745,5.9,38.9158,914.7,24.9,207163,2
"15",15,1971-06-01,0.000702106318956945,14.6158118402586,63.1459251883104,5.9,39.1133,921.7,24.9,207361,2
"16",16,1971-07-01,-0.0431052521448002,12.882005509563,63.9408046358926,5.9,39.2773,942.7,25.1,207562,2
"17",17,1971-08-01,0.0348379279006362,10.7960833148519,64.8207026989921,6,39.1633,934.1,25.1,207771,2
"18",18,1971-09-01,-0.00701647345942646,8.99857010380122,65.5707230192774,6.1,38.936,941.6,25.2,207998,2
"19",19,1971-10-01,-0.043616682585164,7.97570052873318,66.063630500813,6,39.5688,945.8,25.2,208230,2
"20",20,1971-11-01,-0.00255346313437609,8.18797265340692,66.3539255911005,5.8,39.865,950.2,25.3,208450,2
"21",21,1971-12-01,0.0793417572729945,9.52327333962284,66.525797144542,6,40.0342,957.8,25.4,208648,2
"22",22,1972-01-01,0.0177987300365595,11.4032648773021,66.6598149809006,6,40.4964,968.1,24.1,208829,2
"23",23,1972-02-01,0.024678614994839,13.22487000742,66.817476651842,5.8,41.4709,976.3,26.1,208989,2
"24",24,1972-03-01,0.00587686567164188,14.5975968273237,67.0525194961693,5.7,41.8616,987.6,26.2,209137,2
"25",25,1972-04-01,0.00436518993220023,15.3347228835393,67.4183161086032,5.8,42.1645,994,26.1,209299,2
"26",26,1972-05-01,0.0169816488633251,15.2657303704571,67.9456562590906,5.7,42.6064,998.3,26.2,209466,2
"27",27,1972-06-01,-0.0223072615269741,14.3263952551878,68.6421102662775,5.7,42.582,1004.3,26.5,209635,2
"28",28,1972-07-01,0.00232796349753236,12.5879680053141,69.5151889752778,5.7,42.7051,1007.8,26.6,209811,2
"29",29,1972-08-01,0.0333063282023585,10.1243055235093,70.534462525366,5.6,42.6924,1018.1,27,209986,2
"30",30,1972-09-01,-0.00488466757123479,7.45912726270112,71.5707580631508,5.6,43.2568,1030.6,27.1,210177,2
"31",31,1972-10-01,0.00923104499014161,5.72806594817396,72.4740813687366,5.5,43.5838,1038.9,27.2,210379,2
"32",32,1972-11-01,0.0436273249335734,6.1868723675386,73.1138547965648,5.6,44.1699,1063.9,27.5,210568,2
"33",33,1972-12-01,0.011689961880559,8.85058336851155,73.5669489983391,5.3,44.6846,1078.1,27.6,210739,2
"34",34,1973-01-01,-0.0174092907006808,11.6727154359091,74.0071947903646,5.2,45.2006,1085,28,210903,2
"35",35,1973-02-01,-0.0389505730659025,12.2203771920205,74.6192236119854,4.9,45.498,1084.1,28,211053,2
"36",36,1973-03-01,-0.00143472022955533,9.58840742987307,75.4440607313405,5,46.1773,1093.6,28.4,211187,2
"37",37,1973-04-01,-0.0425352902682995,5.94098774976571,76.3624477764603,4.9,46.1937,1102.2,28.7,211337,2
"38",38,1973-05-01,-0.0192472606002858,4.08385774771014,77.2285389974067,5,46.1272,1112.8,29.1,211499,2
"39",39,1973-06-01,-0.00661807020909263,5.5225566992617,77.9502727055173,4.9,46.4199,1122.8,29.2,211662,2
"40",40,1973-07-01,0.0365921271484013,8.5800731294133,78.5964550834219,4.9,46.4535,1132.2,29.6,211828,2
"41",41,1973-08-01,-0.0380815347721822,10.8176304599104,79.2796206915543,4.8,46.648,1139.6,29.9,212001,2
"42",42,1973-09-01,0.0385502167296874,10.6636459398448,80.1056587606048,4.8,46.5669,1149.6,30.5,212191,2
"43",43,1973-10-01,-0.00129282482223659,9.17007172343853,81.0579661026313,4.8,46.9866,1160.9,30.7,212382,2
"44",44,1973-11-01,-0.128491037932472,8.11720467316843,82.0503676763007,4.6,47.2997,1177.8,30.9,212555,2
"45",45,1973-12-01,0.0162993336750385,8.73399492412287,82.987747663315,4.8,47.548,1190.2,31.2,212710,2
"46",46,1974-01-01,-0.0101480791135964,10.1138441738426,83.8175117458729,4.9,47.4375,1196.5,32.3,212859,2
"47",47,1974-02-01,-0.00363749740178751,10.663101564256,84.5426164825338,5.1,47.1083,1198.3,32.2,213003,2
"48",48,1974-03-01,-0.0238348584805277,9.18464035651661,85.1750713313292,5.2,46.9634,1204.6,32.4,213143,2
"49",49,1974-04-01,-0.0406378031225778,6.55494020585501,85.7407249958798,5.1,46.9733,1210.3,32.9,213286,2
"50",50,1974-05-01,-0.0347158570119157,4.41978820697393,86.3294633447413,5.1,46.83,1217.9,33,213437,2
"51",51,1974-06-01,-0.0148837209302326,4.21371380432085,87.0511389420398,5.1,47.1848,1231,33.3,213600,2
"52",52,1974-07-01,-0.0843525406632202,5.79723191630316,88.0141690754995,5.4,47.1292,1242.2,33.6,213770,2
"53",53,1974-08-01,-0.0992376992376992,8.34750695931261,89.1838427479147,5.5,47.1505,1258,33.5,213948,2
"54",54,1974-09-01,-0.135505193578848,11.0500443090995,90.4287342275374,5.5,46.6882,1265.3,33.4,214144,2
"55",55,1974-10-01,0.140189445196211,13.3088563670205,91.5996505824789,5.9,46.7161,1276.5,33.6,214349,2
"56",56,1974-11-01,-0.0561669286837217,14.6455149670741,92.6117055363295,6,46.536,1291.5,33.6,214538,2
"57",57,1974-12-01,-0.0205659276546091,14.6309954382435,93.4776771992679,6.6,45.0062,1293.7,33.5,214704,2
"58",58,1975-01-01,0.109379059495973,13.7051761297346,94.2343032666025,7.2,43.4204,1302.9,33.2,214857,2
"59",59,1975-02-01,0.0565020223066552,12.8130873668764,94.9130725694628,8.1,42.8246,1310,33,214998,2
"60",60,1975-03-01,0.0212332053742802,12.907577141648,95.534787800538,8.1,41.8301,1316.2,32.9,215132,2
"61",61,1975-04-01,0.0451317296678121,13.7399298710884,96.1154641283967,8.6,41.3862,1321.6,32.8,215276,2
"62",62,1975-05-01,0.0422380691168405,14.2464282239972,96.6709756662325,8.8,41.4258,1328.3,32.7,215438,2
"63",63,1975-06-01,0.0424414329236264,13.2821735953021,97.2149309165039,9,41.3326,1341.4,32.6,215646,2
"64",64,1975-07-01,-0.0725633802816901,10.9472107684299,97.7581282218121,8.8,41.6042,1372.9,32.6,215871,2
"65",65,1975-08-01,-0.02152394106814,8.33307215740648,98.3128921460194,8.6,42.0025,1369.9,32.5,216084,2
"66",66,1975-09-01,-0.0358888756408727,6.67122526493476,98.8763707639464,8.4,42.4426,1385.9,32.7,216294,2
"67",67,1975-10-01,0.0580637915543576,6.34652155138094,99.4173672048023,8.4,42.9708,1396.4,33.2,216490,2
"68",68,1975-11-01,0.0241122314774221,6.95662922601964,99.894520490862,8.4,43.1611,1410.9,33.4,216679,2
"69",69,1975-12-01,-0.0116420889233839,7.97746763539122,100.280693973696,8.3,43.2561,1419.9,33.8,216851,2
"70",70,1976-01-01,0.105790204243506,9.05425768461101,100.653153805783,8.2,43.7944,1429.3,32.7,217013,2
"71",71,1976-02-01,-0.0115334469962893,9.9979239339781,101.13669793406,7.9,44.4309,1444.1,35.2,217172,2
"72",72,1976-03-01,0.0297752262333366,10.6373158705243,101.86897513811,7.7,44.8644,1454.3,36.5,217315,2
"73",73,1976-04-01,-0.0111176702085793,10.9804221555899,102.812047145716,7.6,44.916,1460.4,36.7,217455,2
"74",74,1976-05-01,-0.0145737672190057,11.2791031134698,103.765207517257,7.7,45.1733,1468.9,37.3,217607,2
"75",75,1976-06-01,0.0393172228615266,11.8568632526489,104.478746714029,7.4,45.3729,1477.6,38.2,217773,2
"76",76,1976-07-01,-0.00812064965197219,12.7784784676602,104.810803200503,7.6,45.3841,1485.7,38.6,217948,2
"77",77,1976-08-01,-0.00515013118258674,13.7157419883459,104.850785047131,7.8,45.6491,1502.5,39.3,218134,2
"78",78,1976-09-01,0.0221398707715697,14.2224794843894,104.773362949269,7.8,45.9698,1514.6,39.9,218337,2
"79",79,1976-10-01,-0.022740524781341,14.0775062729256,104.738477718034,7.6,46.1015,1524.3,40.4,218542,2
"80",80,1976-11-01,-0.00783545543584732,13.455130638901,104.821401264667,7.7,46.1172,1532.4,41.1,218739,2
"81",81,1976-12-01,0.0498790247533966,12.662899502218,105.046066825459,7.8,46.7939,1552.5,41.9,218920,2
"82",82,1977-01-01,-0.0532196412819758,11.8279237453071,105.434220622761,7.8,47.2798,1564,42.4,219093,2
"83",83,1977-02-01,-0.0221398517331197,10.7202655174703,105.978827891904,7.5,47.023,1562.7,42,219262,2
"84",84,1977-03-01,-0.0142247510668562,8.9287321590374,106.635641254578,7.6,47.7335,1580.6,42.6,219424,2
"85",85,1977-04-01,0.000203169443315685,6.56529338256283,107.353504400635,7.4,48.3415,1596.6,43.2,219594,2
"86",86,1977-05-01,-0.0241364960466083,5.16691108739193,108.072006626316,7.2,48.7789,1615.2,43.6,219772,2
"87",87,1977-06-01,0.0433917197452229,6.9344900709916,108.699878465219,7,49.2046,1628.7,43.5,219953,2
"88",88,1977-07-01,-0.0164896307536673,12.9718280632815,109.131993478308,7.2,49.5627,1641,44.6,220143,2
"89",89,1977-08-01,-0.0214942647514725,20.5684207978662,109.270540262562,6.9,49.6389,1659.7,45.3,220349,2
"90",90,1977-09-01,-0.00248627369729612,25.2486007158903,109.194354309941,7,49.6517,1674.3,45.6,220573,2
"91",91,1977-10-01,-0.045375785141867,23.7217314483968,109.099615424567,6.8,49.8872,1691.1,45.9,220796,2
"92",92,1977-11-01,0.0262575134451123,17.8741212452094,109.213537509675,6.8,49.9859,1714,46.3,221007,2
"93",93,1977-12-01,0.00283911671924286,12.1997069100198,109.620912216783,6.8,50.0357,1737.7,46.8,221206,2
"94",94,1978-01-01,-0.0655462184873949,10.4456869850779,110.224707857944,6.4,50.1135,1753.3,47.3,221390,2
"95",95,1978-02-01,-0.0253906249999999,12.071971332387,110.867004190383,6.4,49.4201,1757.1,47.9,221553,2
"96",96,1978-03-01,0.0243246272839366,14.1237052513659,111.415512411317,6.3,49.6618,1773,48.2,221711,2
"97",97,1978-04-01,0.0786946194361252,13.9485025248509,111.786244359004,6.3,50.6053,1794.5,48.6,221892,2
"98",98,1978-05-01,0.00472813238770694,11.636536670722,111.922364399538,6.1,51.6639,1817.9,48.9,222084,2
"99",99,1978-06-01,-0.0184235318748038,9.01054420234865,111.765574329611,6,51.8472,1832.7,49.3,222278,2
"100",100,1978-07-01,0.0511521652761224,7.84150561518672,111.400265902162,5.9,52.2056,1851.2,50,222482,2
"101",101,1978-08-01,0.0252686610514086,8.39172865948563,111.022320312445,6.2,52.1834,1871.3,50.7,222697,2
"102",102,1978-09-01,-0.00731421884142773,9.85049244968342,110.862324973863,5.9,52.3807,1888.9,51.8,222933,2
"103",103,1978-10-01,-0.100805152979066,11.3571990612426,111.035214850981,6,52.5124,1901.9,52.5,223168,2
"104",104,1978-11-01,0.0163674762407603,12.3697803276286,111.484326709029,5.8,52.9384,1925.9,53,223383,2
"105",105,1978-12-01,0.0146706898345645,12.6048166326756,112.084921345805,5.9,53.3363,1940.6,53.5,223585,2
"106",106,1979-01-01,0.0382267587311119,11.7915547245183,112.733312492418,6,53.6296,1961.7,54.2,223781,2
"107",107,1979-02-01,-0.0379102617366016,10.2758174721688,113.365495492023,5.9,53.2837,1979.7,54.6,223973,2
"108",108,1979-03-01,0.0522689241067034,8.95707169722588,113.944061523172,5.9,53.5675,1998.1,55.5,224150,2
"109",109,1979-04-01,0.00167059748427675,8.85819948785775,114.429910947341,5.8,53.7364,2020.2,55.9,224333,2
"110",110,1979-05-01,-0.0270488494146145,9.83096985294185,114.821078212901,5.8,53.1571,2025.4,56.3,224529,2
"111",111,1979-06-01,0.0372169857156739,10.5406937186685,115.150472829271,5.6,53.5566,2039.2,56.9,224734,2
"112",112,1979-07-01,0.008669685001445,9.34329157082078,115.462031795393,5.7,53.5534,2055,57.3,224948,2
"113",113,1979-08-01,0.0504024881083058,6.1406003023347,115.776734364838,5.7,53.4808,2086.5,57.6,225174,3
"114",114,1979-09-01,0,2.63046614081981,116.07864433259,6,53.1195,2105.3,57.9,225419,3
"115",115,1979-10-01,-0.0736593989393047,1.01119886838823,116.331913644356,5.9,53.1786,2124.3,58.4,225662,3
"116",116,1979-11-01,0.0408816880180859,2.18977294446568,116.513280080116,6,53.4617,2144.7,59,225893,3
"117",117,1979-12-01,0.0164906429497869,5.37929216115736,116.66067045815,5.9,53.409,2167.5,59.6,226120,3
"118",118,1980-01-01,0.0544849334267694,9.30283512520486,116.854317549097,6,53.4536,2192.4,60.1,226339,2
"119",119,1980-02-01,-8.76040297852904e-05,13.1233925864944,117.180150486887,6.3,53.7071,2217.9,61.3,226554,2
"120",120,1980-03-01,-0.107688903897435,16.5534386143015,117.655229923143,6.3,53.7262,2231.2,61.3,226753,2
"121",121,1980-04-01,0.0441906602768211,19.5282842088327,118.222200088128,6.3,53.5481,2243.3,62.4,226955,2
"122",122,1980-05-01,0.0489435048083453,21.6758495441625,118.799376308435,6.9,52.4571,2242.7,63.4,227156,2
"123",123,1980-06-01,0.03067308407587,22.1649955778523,119.33045646685,7.5,51.1904,2254.7,64.2,227387,2
"124",124,1980-07-01,0.0650627740493959,19.8306592559056,119.802347619169,7.6,50.5575,2272.9,64.9,227624,2
"125",125,1980-08-01,0.010008222792568,14.5683897180144,120.226293837323,7.8,50.166,2308.6,64.6,227840,2
"126",126,1980-09-01,0.0285754922235976,8.55002869467702,120.609864766667,7.7,50.353,2334.4,64.5,228070,2
"127",127,1980-10-01,0.019843805573808,5.14346053694864,120.957425286279,7.5,51.1727,2368.7,64.5,228302,3
"128",128,1980-11-01,0.0962781667385115,6.2260641023719,121.270464024528,7.5,51.8129,2417.2,64.8,228515,2
"129",129,1980-12-01,-0.03111294302362,10.028680264797,121.548610619725,7.5,52.7175,2445,65.4,228696,2
"130",130,1981-01-01,-0.0436649124876975,12.8111781884457,121.808035566426,7.2,53.0142,2473,66.2,228858,2
"131",131,1981-02-01,0.0170711327210517,11.9870956661112,122.08496320933,7.5,52.7119,2484.6,67.4,229004,2
"132",132,1981-03-01,0.0384562105373979,8.0771226257176,122.426001294054,7.4,52.4633,2501.4,68.6,229148,2
"133",133,1981-04-01,-0.0197195752098383,3.4320977455228,122.860184507417,7.4,52.7501,2525.8,69.7,229314,3
"134",134,1981-05-01,0.00255305478923214,-0.0474847021929646,123.374386979998,7.2,52.5233,2531.5,71.3,229489,3
"135",135,1981-06-01,-0.00629949170205373,-1.6127956860655,123.928118611755,7.5,52.8211,2549.8,72.6,229668,3
"136",136,1981-07-01,0.00205377741524013,-1.26130647400304,124.485418990881,7.5,53.0699,2573,73.8,229864,3
"137",137,1981-08-01,-0.0612837129121365,0.92395930454527,125.037091839615,7.2,53.4044,2626.3,75.2,230077,3
"138",138,1981-09-01,-0.051824761026276,4.05403282974068,125.599066662087,7.4,53.3959,2651.6,75.6,230300,3
"139",139,1981-10-01,0.0512046816051431,6.64719626132449,126.193173863309,7.6,53.0761,2665.4,76.5,230527,2
"140",140,1981-11-01,0.0396313052338741,7.41742673576898,126.815529261898,7.9,52.6972,2669.5,77.2,230732,2
"141",141,1981-12-01,-0.0263178496097558,6.41980195767514,127.427216341876,8.3,52.0996,2686.4,77.7,230906,2
"142",142,1982-01-01,-0.0132286099558048,4.81498219386668,127.969010412845,8.5,51.5219,2692.9,78,231073,3
"143",143,1982-02-01,-0.0592066883948614,3.69300474051297,128.407562214801,8.6,50.4933,2700.7,77.8,231235,3
"144",144,1982-03-01,-0.0052435447669328,3.47346463432988,128.7825650958,8.9,51.4979,2719.9,77.5,231392,3
"145",145,1982-04-01,0.0432401857310894,3.95034687709619,129.188810912914,9,51.1159,2724.6,77.3,231558,3
"146",146,1982-05-01,-0.0407579396342638,4.90758438050717,129.715545612784,9.3,50.6623,2744.6,76.7,231727,3
"147",147,1982-06-01,-0.00989125627367661,6.18156468462993,130.391155289622,9.4,50.3505,2760.5,76.3,231901,2
"148",148,1982-07-01,-0.0181120494930535,7.66392827415483,131.176102758432,9.6,50.1943,2770.6,76.1,232090,2
"149",149,1982-08-01,0.108252023560375,9.24973229573529,132.019906632045,9.8,50.0395,2789.4,76.5,232290,2
"150",150,1982-09-01,0.0123140923395266,10.7884740741572,132.879110427791,9.8,49.6075,2801.3,76.9,232496,2
"151",151,1982-10-01,0.1032168524253,12.0798656288782,133.717118956589,10.1,49.4584,2808.5,77.5,232708,2
"152",152,1982-11-01,0.0388185005951592,12.9139881752834,134.499083261922,10.4,49.011,2824.9,78.5,232905,2
"153",153,1982-12-01,0.0189079804327709,13.2251797509817,135.19727949853,10.8,48.8232,2844.5,79.4,233077,2
"154",154,1983-01-01,0.0358537939890429,13.1361225108414,135.816911588307,10.8,48.4682,2864.1,80.1,233241,2
"155",155,1983-02-01,0.0224048729252784,12.7971565939278,136.390760573063,10.4,49.3992,2871.3,80.6,233398,2
"156",156,1983-03-01,0.0356281287141399,12.3649170438102,136.950363867708,10.4,49.089,2878.3,80.9,233543,2
"157",157,1983-04-01,0.0730255855767302,12.0083306974627,137.526866136372,10.3,49.4906,2895.8,81.1,233697,2
"158",158,1983-05-01,-0.00877343386871872,11.9114850047238,138.149356172789,10.2,50.0805,2910.3,81.4,233852,2
"159",159,1983-06-01,0.0374606419182584,12.1106043732102,138.850691209306,10.1,50.4295,2937.2,82,234020,2
"160",160,1983-07-01,-0.0304014997656615,12.3979923296033,139.64105012373,10.1,50.7333,2948.3,82.4,234213,2
"161",161,1983-08-01,0.0147879828967268,12.489862654132,140.483403970286,9.4,51.5016,2974,83.3,234404,2
"162",162,1983-09-01,0.0136199079031006,12.2178414076408,141.3118400451,9.5,52.0679,2986.1,84.2,234601,2
"163",163,1983-10-01,-0.0116968753273332,11.6123564493679,142.072443803157,9.2,52.8472,3013.1,85,234804,2
"164",164,1983-11-01,0.0206590640416682,10.7701954007455,142.75008244677,8.8,53.2874,3047.2,85.7,234993,2
"165",165,1983-12-01,-0.00525624048415706,9.77957692549855,143.369414105575,8.5,53.4759,3076.1,86.2,235157,2
"166",166,1984-01-01,-0.00560928915434396,8.73757334530121,143.955698612967,8.3,53.7593,3105.6,86.7,235310,2
"167",167,1984-02-01,-0.0364706113366977,7.73901627740368,144.51180609378,8,54.8216,3131.1,87,235456,2
"168",168,1984-03-01,0.0170232781162951,6.89932406965748,145.009401248272,7.8,55.0698,3170.7,88.5,235601,3
"169",169,1984-04-01,0.00939674175841597,6.37492560688704,145.405657391848,7.8,55.3384,3200.5,89.8,235757,3
"170",170,1984-05-01,-0.0586015359752505,6.36903190344364,145.68821197408,7.7,55.6911,3233.4,90.5,235916,3
"171",171,1984-06-01,0.0212584932051752,6.93738014571761,145.913926037546,7.4,55.9506,3244.8,90.6,236077,3
"172",172,1984-07-01,-0.0125593934412643,7.72476577485304,146.188915435326,7.2,56.1549,3275.3,90.9,236254,3
"173",173,1984-08-01,0.0994620614512551,8.10193962136227,146.604884790602,7.5,56.3326,3295.1,90.7,236449,2
"174",174,1984-09-01,0.000240008630805415,7.67988635619701,147.19859116916,7.5,56.3847,3327.9,90.5,236655,3
"175",175,1984-10-01,0.00383818183711942,6.79073899574104,147.940949659058,7.3,56.2832,3358.1,91.5,236868,3
"176",176,1984-11-01,-0.0113255933320054,6.29321845216004,148.802731464609,7.4,56.1943,3356,92,237068,3
"177",177,1984-12-01,0.0256716239661538,6.77932120274627,149.735569747806,7.2,56.4108,3378,92.6,237238,3
"178",178,1985-01-01,0.0722804590875982,7.94550639071952,150.658469712879,7.3,56.4759,3410.7,93.1,237392,3
"179",179,1985-02-01,0.0120993705539656,8.75153840918365,151.473477455051,7.3,56.3801,3424.3,94.7,237535,2
"180",180,1985-03-01,0.000661843908237405,8.39781903232158,152.112200889165,7.2,56.5796,3443.5,95.2,237667,3
"181",181,1985-04-01,-0.000942166461097929,7.02847180793968,152.587608633444,7.2,56.6645,3471.4,95.9,237816,3
"182",182,1985-05-01,0.0546212303766106,5.66305856075861,152.977134754201,7.3,56.5122,3471.2,96.3,237987,3
"183",183,1985-06-01,0.0154266768096678,5.14845551903977,153.348627652431,7.2,56.5982,3483.7,96.8,238172,3
"184",184,1985-07-01,-0.00146148298663966,5.51184441216905,153.745886997142,7.4,56.6317,3504.8,97.4,238368,3
"185",185,1985-08-01,-0.00866432583366046,5.9155077432009,154.177153708641,7.4,56.2637,3518.9,97.9,238573,3
"186",186,1985-09-01,-0.0322882728212731,5.62429001239149,154.649127271431,7.1,56.496,3530.1,98.1,238789,3
"187",187,1985-10-01,0.0441494061739813,4.59940998710954,155.161408628425,7.1,56.7412,3552.3,98.5,239006,3
"188",188,1985-11-01,0.0641884729274383,3.63287798194583,155.698968128996,7.1,56.508,3575.4,98.9,239210,3
"189",189,1985-12-01,0.0461429213992513,3.47219379414838,156.237231802758,7,56.6984,3593.1,99.5,239392,3
"190",190,1986-01-01,0.00555422501479248,4.23773081211692,156.766841895334,7,57.2954,3627.2,99.6,239558,3
"191",191,1986-02-01,0.0695485641853143,5.21008185346584,157.326842389118,6.7,57.5555,3637.7,101.6,239713,3
"192",192,1986-03-01,0.0528426441000772,5.65756840206569,158.00446561273,7.2,57.1707,3655.6,103.3,239858,3
"193",193,1986-04-01,-0.0113882473488272,5.33288785304095,158.877377240214,7.2,56.7784,3682.1,104.4,240011,3
"194",194,1986-05-01,0.0505140316589014,4.71843166380882,159.930306783642,7.1,56.8228,3687.3,105.5,240183,3
"195",195,1986-06-01,0.0166183761792332,4.35084440179549,161.001632896938,7.2,56.938,3699.3,106.2,240365,3
"196",196,1986-07-01,-0.0592460190311547,4.51780396385973,161.90411960837,7.2,56.7427,3715.4,107,240555,3
"197",197,1986-08-01,0.0690377584927126,5.08643698834145,162.521563349858,7,57.0569,3735.5,107.2,240753,3
"198",198,1986-09-01,-0.0901215852878871,5.87337273758361,162.900326011145,6.9,56.9807,3749.5,107.3,240961,3
"199",199,1986-10-01,0.0545247251822411,6.67164259791887,163.171406443133,7,57.0954,3766.8,107.5,241171,3
"200",200,1986-11-01,0.0237282604617507,7.2270652971099,163.436913920698,7,57.3542,3776.2,107.4,241371,3
"201",201,1986-12-01,-0.0261878753148764,7.26137589091394,163.73144782673,6.9,57.623,3791,107.6,241544,3
"202",202,1987-01-01,0.118676863176485,6.77408046259632,164.011485143115,6.6,58.1006,3811.8,107.4,241702,3
"203",203,1987-02-01,0.0380119704052189,6.35436259973487,164.238603230068,6.6,57.9173,3826.8,108.9,241857,3
"204",204,1987-03-01,0.0280437203035856,6.77288794041983,164.408065202988,6.6,58.663,3853.4,108.6,242005,3
"205",205,1987-04-01,-0.00895842907751082,8.29377996019095,164.578591962775,6.6,58.7602,3873.2,108.7,242166,3
"206",206,1987-05-01,0.00859506791646173,9.98627090869627,164.826071458182,6.3,59.1416,3885.2,108.6,242338,2
"207",207,1987-06-01,0.0480723383646631,10.4844812657792,165.183159417135,6.3,59.517,3918.6,109.8,242516,2
"208",208,1987-07-01,0.0482153106475078,9.08065929439527,165.566412332027,6.2,59.7996,3929.7,110.6,242706,3
"209",209,1987-08-01,0.0359703310361189,6.78851333372773,165.815016916743,6.1,60.2152,3952.9,111.8,242908,3
"210",210,1987-09-01,-0.0224136707551479,5.36248713772685,165.804540758251,6,60.7146,3989.3,113.1,243118,3
"211",211,1987-10-01,-0.274473464633511,5.92261635667702,165.558895656429,5.9,60.8781,4005.9,114.5,243335,3
"212",212,1987-11-01,-0.0898110149194251,7.78485168237363,165.293635531236,6,61.7569,4044,115.8,243543,3
"213",213,1987-12-01,0.0706964296044401,9.34364959733012,165.221080485103,5.8,62.091,4069.7,117.3,243724,3
"214",214,1988-01-01,0.0403643870344135,9.46571819960846,165.460142080295,5.7,62.394,4121.7,118.1,243895,3
"215",215,1988-02-01,0.0445386762029738,8.44456704925777,165.919970922875,5.7,62.4207,4131.1,120.8,244056,3
"216",216,1988-03-01,-0.0318775979225473,7.44239734553746,166.459867652909,5.7,62.6908,4153.5,121.3,244205,3
"217",217,1988-04-01,0.0109394180468422,7.33154011353772,166.96138660355,5.7,62.8421,4176.7,122.5,244362,3
"218",218,1988-05-01,0.0085752011864006,8.05878570473263,167.358805014511,5.4,63.1885,4206.7,124.3,244528,3
"219",219,1988-06-01,0.0438766457326596,8.90246418873455,167.621102689985,5.6,63.1203,4222.3,126.2,244708,3
"220",220,1988-07-01,-0.00380640101564625,9.28530699607362,167.723391304738,5.4,63.2843,4254.4,128.2,244914,3
"221",221,1988-08-01,-0.0351615785947864,9.10799482067684,167.716252900579,5.4,63.3155,4293.9,130.3,245131,3
"222",222,1988-09-01,0.0408645059783189,8.67940406433743,167.760258558372,5.6,63.5859,4317.7,132.8,245352,3
"223",223,1988-10-01,0.0270889258430167,8.25829155292708,168.020278863582,5.4,63.405,4345.2,134.8,245579,3
"224",224,1988-11-01,-0.0144573316956769,7.95010947490538,168.586309054923,5.4,63.7184,4383.9,137,245789,3
"225",225,1988-12-01,0.0171459365917706,7.7056094770796,169.350256656135,5.3,63.8175,4396,138.8,245970,3
"226",226,1989-01-01,0.0681159482693173,7.47378386215231,170.143277696846,5.3,64.1273,4434.8,139.9,246140,3
"227",227,1989-02-01,-0.0255576960933674,7.14094105478576,170.820692432643,5.4,64.3162,4499.7,145.1,246301,3
"228",228,1989-03-01,0.0227967909386078,6.51544430403169,171.310085341301,5.2,64.026,4528.8,147.7,246454,3
"229",229,1989-04-01,0.0493576895781386,5.44755221248359,171.597462173536,5,64.166,4569.5,150.7,246626,3
"230",230,1989-05-01,0.0388850280357424,4.18248594479937,171.670702529511,5.2,64.222,4582.2,153.4,246814,3
"231",231,1989-06-01,-0.00570403583700539,3.50400487790266,171.58555640954,5.2,63.7707,4578.9,155.6,247010,3
"232",232,1989-07-01,0.0828136825651919,4.14315273930899,171.513715842826,5.3,63.8022,4601.7,157.6,247228,3
"233",233,1989-08-01,0.0191744106889472,6.08531423525096,171.637203754257,5.2,63.236,4628.6,159.2,247458,3
"234",234,1989-09-01,-0.00407418780624032,8.14234439945747,172.070559394822,5.2,63.8059,4639.2,160.7,247695,3
"235",235,1989-10-01,-0.0237718131348443,9.11985846140281,172.713016284749,5.3,63.576,4661.2,162.7,247942,3
"236",236,1989-11-01,0.0199867230527143,8.52112038170241,173.381714307015,5.3,63.5346,4700.1,165.6,248174,3
"237",237,1989-12-01,0.0234514531242439,7.14011598438954,173.919561154963,5.4,63.7465,4715.4,167.8,248380,3
"238",238,1990-01-01,-0.0719727695323505,5.84888400374929,174.262875912482,5.4,64.1419,4733,167.5,248569,3
"239",239,1990-02-01,0.012664401568614,5.11063321332365,174.440383362326,5.4,63.7117,4782.4,169.5,248743,3
"240",240,1990-03-01,0.0257705414557988,4.49846283769254,174.477933551865,5.3,64.3504,4818.7,169.9,248920,3
"241",241,1990-04-01,-0.025730192217534,3.49031266365197,174.430053047032,5.2,64.6721,4838.6,170.5,249146,3
"242",242,1990-05-01,0.0887622015029585,1.87680566848299,174.406678074264,5.4,64.5975,4877.6,171.3,249436,3
"243",243,1990-06-01,-0.00681869584713165,0.233382374610674,174.525975642047,5.4,64.7028,4878.3,168.4,249707,3
"244",244,1990-07-01,-0.00331464969435595,-0.73828490280607,174.871056691757,5.2,64.9174,4910.8,169.4,249990,3
"245",245,1990-08-01,-0.0994575831699545,-0.578312833813434,175.387161977512,5.5,64.8436,4938.9,170,250285,3
"246",246,1990-09-01,-0.0512202856962351,0.470940958797944,175.955615746415,5.7,65.043,4941.8,170.1,250595,3
"247",247,1990-10-01,-0.00437939627744008,2.01758473281292,176.472871343363,5.9,65.1372,4971.2,169.1,250904,3
"248",248,1990-11-01,0.0606530939563958,3.69050782405022,176.904648701679,5.9,64.6442,4959.3,167,251201,3
"249",249,1990-12-01,0.0270521206442131,5.17276493743244,177.298797205215,6.2,63.8853,4965.2,165.5,251486,3
"250",250,1991-01-01,0.0416479731061365,6.15891107678631,177.70071140457,6.3,63.4658,4994.1,165,251758,3
"251",251,1991-02-01,0.0666652560904048,6.42666854779076,178.137393491212,6.4,63.1915,4976.6,171.3,252012,3
"252",252,1991-03-01,0.0236669376070274,6.09704321499679,178.585167272103,6.6,62.7585,4983.2,176.1,252253,3
"253",253,1991-04-01,0.0022688736629644,5.41030917528704,179.0122229499,6.8,62.4265,4991.6,177.4,252507,3
"254",254,1991-05-01,0.0413531702009744,4.60786135868801,179.393148197836,6.7,62.5503,5017.8,178.4,252778,3
"255",255,1991-06-01,-0.0480240381540399,3.96138311300696,179.732864528312,6.9,63.1756,5038.1,180,253060,3
"256",256,1991-07-01,0.0444806629367009,3.76102168954379,180.053168109383,6.9,63.742,5073,181.1,253350,3
"257",257,1991-08-01,0.0230310700259204,4.22566956648817,180.373668839035,6.8,63.8029,5069.3,182.1,253650,3
"258",258,1991-09-01,-0.017019345700287,5.1630096568678,180.702673863656,6.9,63.8503,5089.1,182.6,253966,3
"259",259,1991-10-01,0.0132552756006277,6.15723475701626,181.032741714889,6.9,64.4151,5122.7,183.6,254280,3
"260",260,1991-11-01,-0.0420346801435173,6.83796913463182,181.356037237566,7,64.2992,5139.5,183.4,254576,3
"261",261,1991-12-01,0.102586639861088,7.09940761554391,181.657909765047,7,64.2209,5161,183.4,254841,3
"262",262,1992-01-01,-0.0189858878196074,7.00759357447698,181.903012069323,7.3,63.9602,5218.7,182.7,255089,3
"263",263,1992-02-01,0.012773537052956,6.63930368711758,182.050773254916,7.3,63.596,5254.6,183.7,255331,3
"264",264,1992-03-01,-0.0198401804929907,6.20496958280083,182.070871716843,7.4,64.0409,5296.7,184.8,255576,3
"265",265,1992-04-01,0.0285171745780027,6.02385352638783,182.00144073926,7.4,64.5973,5319.2,185.8,255848,3
"266",266,1992-05-01,0.00495157962180069,6.3694794713913,181.925233078068,7.4,65.0756,5354.4,186.8,256139,3
"267",267,1992-06-01,-0.0151004069770952,7.02659529573645,181.922347437104,7.6,65.2831,5390.3,187.7,256437,3
"268",268,1992-07-01,0.0392479896535964,7.31196520235592,182.056339537167,7.8,65.2957,5422.7,188.7,256742,3
"269",269,1992-08-01,-0.0209006710721048,6.59245449588331,182.36297039807,7.7,65.8801,5435.6,189.6,257063,3
"270",270,1992-09-01,0.0116174310438569,4.97541739342087,182.876413603971,7.6,65.5581,5463.6,190.5,257390,3
"271",271,1992-10-01,0.00343908018762556,3.41202328007295,183.612184814144,7.6,65.715,5449.6,191.4,257704,3
"272",272,1992-11-01,0.0329222773030636,2.83417222705347,184.512478008909,7.3,66.2013,5442.3,192.3,258004,3
"273",273,1992-12-01,0.0121076085665124,3.4326822607016,185.499659432748,7.4,66.4879,5459.7,193.2,258280,3
"274",274,1993-01-01,0.00829132891247756,4.38768830442288,186.49735100229,7.4,66.5431,5668,194.1,258546,3
"275",275,1993-02-01,0.0134389052890071,4.85513539892633,187.43582500632,7.3,66.8264,5540.1,194.9,258799,3
"276",276,1993-03-01,0.0206750709722191,4.57416470220034,188.250052703266,7.1,67.1172,5568.3,196,259036,3
"277",277,1993-04-01,-0.0247719618865789,4.23948551383234,188.877059542982,7,67.0479,5564.5,197.2,259283,3
"278",278,1993-05-01,0.0260289503204576,4.60135322734853,189.31804839145,7.1,67.2498,5618.7,198.7,259547,3
"279",279,1993-06-01,0.00290239170245995,5.88661210090772,189.6990888623,7.1,67.0325,5633.4,200.5,259822,3
"280",280,1993-07-01,-0.00403426798169739,7.29231714974108,190.158298090756,7,67.1532,5627.3,202.4,260109,3
"281",281,1993-08-01,0.0365384834818399,7.91792627610182,190.795480393984,6.9,67.3586,5654.3,204.6,260411,3
"282",282,1993-09-01,-0.00776763953603429,7.35645160822362,191.511391538731,6.8,67.2888,5676.1,206.9,260717,3
"283",283,1993-10-01,0.0202666707604434,6.37565489071471,192.138344854969,6.7,67.6092,5670.3,209.5,261015,3
"284",284,1993-11-01,-0.00962615225524974,5.90030657944617,192.519165929755,6.8,68.1214,5661.8,212.3,261294,3
"285",285,1993-12-01,0.0119225760619226,6.44129977677508,192.649318660804,6.6,68.4089,5687.2,215.3,261550,3
"286",286,1994-01-01,0.0328851286940512,7.30576385434549,192.664913026234,6.5,68.7737,5885.9,218.5,261796,3
"287",287,1994-02-01,-0.0279010452195069,7.58955157146761,192.705343616575,6.6,69.0299,5772.1,221.9,262021,3
"288",288,1994-03-01,-0.0455679845790476,6.73789514439077,192.865374748937,6.6,69.0418,5793,225,262237,3
"289",289,1994-04-01,0.0126597568203215,5.44990546672591,193.132867575957,6.5,69.7582,5825.1,227.9,262491,3
"290",290,1994-05-01,0.0161320934710201,4.70441111916292,193.480521779941,6.4,70.125,5887,230.6,262754,3
"291",291,1994-06-01,-0.0251078999386022,5.18814255076849,193.882566159353,6.1,70.4978,5910.8,233.1,263014,3
"292",292,1994-07-01,0.0317446132545568,6.27850831351458,194.324176066456,6.1,70.948,5914.4,235.4,263294,3
"293",293,1994-08-01,0.0393844768027855,6.98798745300913,194.79514258465,6.1,71.0595,5944.3,237.4,263580,3
"294",294,1994-09-01,-0.0250918935494982,6.5265387513065,195.285215872157,6,71.4749,5966.7,239.3,263871,3
"295",295,1994-10-01,0.0219576101468625,5.22887662165065,195.780881477493,5.9,71.7333,5998.7,241,264159,3
"296",296,1994-11-01,-0.0377948689970783,3.81750706436657,196.265251063028,5.8,72.3479,6061.2,242.4,264430,3
"297",297,1994-12-01,0.0145662865149205,2.94392337376018,196.720930452236,5.6,72.8018,6070.7,243.7,264681,3
"298",298,1995-01-01,0.0252430066444039,2.72281605522531,197.149169841789,5.5,73.5563,6103.4,244.8,264924,3
"299",299,1995-02-01,0.0375095760637407,3.04139775546808,197.605759392746,5.6,73.6891,6149.2,245.7,265157,3
"300",300,1995-03-01,0.0286569482967522,3.77110122773298,198.156823376024,5.4,73.5889,6174.4,246.8,265383,3
"301",301,1995-04-01,0.0285732971834006,4.65239766622594,198.859725154376,5.4,73.6895,6200.8,248.3,265625,3
"302",302,1995-05-01,0.0384123279433001,5.35962557648116,199.680188313219,5.8,73.676,6221.9,250.2,265877,3
"303",303,1995-06-01,0.0226955644392444,5.58883467237374,200.537549956564,5.6,73.8858,6235.1,252.3,266134,3
"304",304,1995-07-01,0.0320680646903963,5.36184945457987,201.349124730085,5.6,74.1391,6263.7,254.8,266414,3
"305",305,1995-08-01,0.00247812981400909,4.90270454073416,202.096694255355,5.7,73.8447,6292.3,257.5,266700,3
"306",306,1995-09-01,0.0404957643338853,4.44317979847135,202.844235686551,5.7,74.7803,6314.9,260.6,266998,3
"307",307,1995-10-01,-0.00362570926617304,4.24014213082335,203.665314361775,5.6,75.0755,6343.9,264,267304,3
"308",308,1995-11-01,0.0420296529623062,4.56450975466667,204.599118963293,5.5,74.9925,6369.9,267.7,267585,3
"309",309,1995-12-01,0.0188579807324389,5.67554677626056,205.560328317195,5.6,75.1822,6391.2,271.8,267829,3
"310",310,1996-01-01,0.0328177184235266,7.24610075537661,206.433179769595,5.6,75.4725,6414.4,276.1,268047,3
"311",311,1996-02-01,0.00917488468220567,8.43687466270067,207.109786807348,5.6,74.9823,6451.9,280.7,268258,3
"312",312,1996-03-01,0.00953238753724417,8.37517673647581,207.633126314492,5.5,76.153,6515.9,285.1,268480,3
"313",313,1996-04-01,0.014453503034307,7.09511691690764,208.137689045241,5.5,76.0724,6558.9,289.4,268724,3
"314",314,1996-05-01,0.0250739394574314,5.5813410617544,208.767013108946,5.6,76.7608,6597.2,293.5,268980,3
"315",315,1996-06-01,0.00378372606422425,4.91582730476476,209.57606825815,5.6,77.3269,6638.3,297.5,269247,3
"316",316,1996-07-01,-0.0462971427675896,5.36636955553897,210.48617945626,5.3,77.9694,6682.5,301.3,269527,3
"317",317,1996-08-01,0.0206613919572302,6.1840044790911,211.398148686829,5.5,77.8351,6683.4,304.9,269822,3
"318",318,1996-09-01,0.0532887200928243,6.48667222265437,212.230931398627,5.1,78.3005,6711.2,308.4,270130,3
"319",319,1996-10-01,0.0267846315853015,5.98907737518393,212.982224167387,5.2,78.8378,6749.3,311.7,270433,3
"320",320,1996-11-01,0.0702698801697298,5.29532780719867,213.674872487403,5.2,78.7843,6770.9,314.9,270730,3
"321",321,1996-12-01,-0.0202354900995723,5.15269736218807,214.332350189072,5.4,79.4683,6804.7,317.9,271002,3
"322",322,1997-01-01,0.0587463839643711,5.86787614652507,214.98159659884,5.4,79.9829,6839.9,320.8,271243,3
"323",323,1997-02-01,0.00777692856648316,6.95332453441888,215.652289843235,5.3,80.0837,6891.3,323.5,271472,3
"324",324,1997-03-01,-0.042845563972934,7.77370330567673,216.374962021534,5.2,81.0483,6929.1,326.3,271703,3
"325",325,1997-04-01,0.0562712675088971,7.93172351595394,217.169290453608,5.2,81.6195,6969.1,328.9,271952,3
"326",326,1997-05-01,0.0573858788139348,7.54765521698367,218.034384915332,5.1,81.6408,6980.5,331.6,272213,3
"327",327,1997-06-01,0.0428819370420433,6.85028245845922,218.965766074757,4.9,82.1311,7008.6,334.3,272482,3
"328",328,1997-07-01,0.0736308371377984,6.04788809670738,219.951741262369,5,82.5332,7042.3,336.9,272767,3
"329",329,1997-08-01,-0.0593797813336967,5.31136306877201,220.930195984647,4.9,83.1538,7079.7,339.4,273074,3
"330",330,1997-09-01,0.0519214069796032,4.80448517807225,221.821633818633,4.8,84.0293,7126.4,342,273395,3
"331",331,1997-10-01,-0.0345968341444787,4.62874295385113,222.543194444707,4.9,84.7873,7165.2,344.5,273703,3
"332",332,1997-11-01,0.0442507877679394,4.65871324843135,223.142965784343,4.7,85.5125,7210.7,346.9,273989,3
"333",333,1997-12-01,0.0168625355903834,4.70121679591016,223.779996443339,4.6,86.2601,7261.6,349.3,274249,3
"334",334,1998-01-01,0.0108946214641205,4.61959101875856,224.637128193128,4.7,86.5262,7303.5,351.6,274499,3
"335",335,1998-02-01,0.0672719605152278,4.53300043597832,225.799733516944,4.6,86.9662,7373.5,353.9,274732,3
"336",336,1998-03-01,0.0487070272602243,4.6488823913955,227.144289355827,4.6,87.0687,7420.6,355.7,274943,1
"337",337,1998-04-01,0.0099062653324706,5.13257797210509,228.493614840309,4.7,87.1414,7467.5,357.1,275175,1
"338",338,1998-05-01,-0.0175851126127116,5.88855053467754,229.692751150567,4.3,87.4497,7505.6,358,275434,1
"339",339,1998-06-01,0.0390250388493772,6.71657648504753,230.768672087909,4.4,88.0124,7550.5,358.4,275700,1
"340",340,1998-07-01,-0.0108038515239397,7.42107852795911,231.832032893267,4.5,87.4571,7588.1,358.4,275976,1
"341",341,1998-08-01,-0.169019973632795,7.85370871339287,233.00537832158,4.5,87.1484,7620.9,357.9,276266,1
"342",342,1998-09-01,0.0601642589522895,7.89012522050202,234.296563514463,4.5,88.936,7661,356.9,276566,1
"343",343,1998-10-01,0.0752135929112643,7.42416965117201,235.6015714251,4.6,88.778,7684.2,355.5,276859,1
"344",344,1998-11-01,0.0571381115560304,6.60090157877934,236.787141551871,4.5,89.4857,7717.1,353.7,277140,1
"345",345,1998-12-01,0.0544656339079145,5.70255656670741,237.798134157106,4.4,89.4358,7754.7,351.3,277402,1
"346",346,1999-01-01,0.0401378294733899,5.01178669587682,238.77956215824,4.4,89.7761,7780.5,348.5,277658,1
"347",347,1999-02-01,-0.0320836810510999,4.63058274283583,239.939417293139,4.3,90.1893,7813.3,345.2,277891,1
"348",348,1999-03-01,0.038468682825213,4.5462465416012,241.466826558152,4.4,90.6683,7842.3,342.7,278095,1
"349",349,1999-04-01,0.0372740616015344,4.73715626997434,243.278846653148,4.2,90.831,7858.8,341,278324,1
"350",350,1999-05-01,-0.0242396432744127,5.24156676581848,245.142878785776,4.3,91.0632,7882.1,340.1,278584,1
"351",351,1999-06-01,0.052579382428759,6.13012793538453,246.797752242339,4.2,91.7311,7906,340,278859,1
"352",352,1999-07-01,-0.0322412344928909,7.48835511145583,248.149924131612,4.3,91.5818,7936.6,340.8,279148,1
"353",353,1999-08-01,-0.00499485375407903,8.91891425577499,249.300814282587,4.3,92.1587,7972.2,342.4,279448,1
"354",354,1999-09-01,-0.0281883799120021,9.62476257467775,250.402409925275,4.2,92.5363,8023.3,344.8,279752,1
"355",355,1999-10-01,0.059508223005542,8.70379531536597,251.559721633255,4.2,92.1699,8051,348,280053,1
"356",356,1999-11-01,0.0199160601216655,6.47404062958382,252.748771029355,4.1,93.3786,8117,352.1,280337,1
"357",357,1999-12-01,0.0556080944205811,4.47494885009696,253.895860711052,4.1,93.824,8184.1,357,280594,1
"358",358,2000-01-01,-0.0529002177142072,4.54536831511603,254.930258228109,4,94.5441,8274.2,362.6,280846,1
"359",359,2000-02-01,-0.0193035733064173,6.82332656002296,255.864423689551,4,94.5458,8385,369,281083,1
"360",360,2000-03-01,0.0891127522784314,9.44399284992827,256.765279089665,4.1,94.8185,8446.2,374.6,281299,1
"361",361,2000-04-01,-0.0310253144310018,10.0276533756508,257.711243664534,4,95.1983,8504.6,379.2,281531,1
"362",362,2000-05-01,-0.0209978638804724,7.88722440213763,258.743589347266,3.8,95.8921,8535.9,383,281763,1
"363",363,2000-06-01,0.0240594481710407,4.66644406546154,259.854734703767,4,96.0691,8570.4,385.8,281996,1
"364",364,2000-07-01,-0.0158195024886705,2.65747478148843,261.02156164963,4,96.1568,8619.5,387.8,282247,1
"365",365,2000-08-01,0.0584678770825172,2.84174145684783,262.231359808036,4,96.0239,8685.8,388.9,282504,1
"366",366,2000-09-01,-0.0557385200877991,4.10008836650745,263.505579576124,4.1,95.7182,8725.9,389.2,282769,1
"367",367,2000-10-01,-0.004251032295671,4.65894357087168,264.880629287586,3.9,96.1105,8763.1,388.6,283033,1
"368",368,2000-11-01,-0.0855870597088224,3.67341287438688,266.394397141319,3.9,95.8225,8788.2,387.2,283285,1
"369",369,2000-12-01,0.00486349531964993,2.0516253982534,268.004498212471,3.9,95.8391,8797.2,384.9,283523,1
"370",370,2001-01-01,0.0342631435254097,1.32544516690062,269.607325404356,3.9,95.5791,8822.8,381.7,283748,1
"371",371,2001-02-01,-0.10033938380175,2.28543345747571,271.080512470085,4.2,94.9499,8923.2,377.7,283960,1
"372",372,2001-03-01,-0.0676343040536027,4.00559322340801,272.36135130122,4.2,94.369,8963.2,371.9,284166,1
"373",373,2001-04-01,0.0720995639781019,4.88376486775808,273.48328242596,4.3,94.1259,8997.1,368.9,284380,1
"374",374,2001-05-01,0.00660718977046143,3.9159736552411,274.5140201853,4.4,93.9061,8995.9,369.8,284602,1
"375",375,2001-06-01,-0.0249528090602669,1.82055673782153,275.511056248445,4.3,93.2803,8996.5,366.9,284834,1
"376",376,2001-07-01,-0.00995198866051645,0.0523197174253522,276.502074583789,4.5,92.7057,9001.3,364.1,285076,1
"377",377,2001-08-01,-0.0668113448385804,-0.290471059443149,277.497560857815,4.6,92.1721,8999.7,363.7,285324,1
"378",378,2001-09-01,-0.0878616593226301,0.637718618425246,278.508580423954,4.9,92.0023,8993.5,366.2,285584,1
"379",379,2001-10-01,0.0186974372300456,2.09230845884505,279.529368258635,5,91.6795,8978.9,366.9,285842,1
"380",380,2001-11-01,0.0712435637699309,3.4281214706023,280.542147629561,5.3,91.2682,9009,369.8,286086,1
"381",381,2001-12-01,0.00868605161914018,4.37379668238971,281.514757415901,5.5,90.7894,9015.8,371.4,286315,1
"382",382,2002-01-01,-0.014807400333687,4.85703066148325,282.484095010516,5.7,90.8311,9024.8,372.6,286533,1
"383",383,2002-02-01,-0.0196794755291022,4.8259058089506,283.620913339261,5.7,91.3471,9047.8,373.5,286739,1
"384",384,2002-03-01,0.0362399251867387,4.44646738924508,285.160835467066,5.7,91.3672,9057.7,390.3,286935,1
"385",385,2002-04-01,-0.0645495559596497,4.01236129038724,287.290101316507,5.7,92.1054,9067.7,392.2,287131,1
"386",386,2002-05-01,-0.00748825245128986,3.79594662123859,289.826915042985,5.9,92.479,9115.8,395.4,287343,1
"387",387,2002-06-01,-0.0765944821180641,3.78214369351309,292.363676634149,5.8,92.8824,9136.3,397.8,287571,1
"388",388,2002-07-01,-0.0845416982067345,3.76456625641075,294.451736036391,5.8,93.7637,9167.6,398.9,287808,1
"389",389,2002-08-01,0.00650590851893111,3.53930260591566,295.975324689532,5.8,93.5461,9159.7,401.6,288051,1
"390",390,2002-09-01,-0.121930873577496,3.16632098153202,297.173789669886,5.7,93.5765,9171.9,402,288303,1
"391",391,2002-10-01,0.0808957002107777,2.90152125188976,298.39412579353,5.7,93.7116,9190.3,402.6,288554,1
"392",392,2002-11-01,0.0555878046106005,3.01492965480813,299.912613261812,5.7,93.4006,9219,405.5,288794,1
"393",393,2002-12-01,-0.0624246136599003,3.46413493085481,301.891680222564,5.9,93.8758,9242.7,410.4,289012,1
"394",394,2003-01-01,-0.02690130656244,3.94625226002903,304.440004671555,6,93.4191,9270,413.4,289214,1
"395",395,2003-02-01,-0.0152322748005419,4.11683944088507,307.650964060387,5.8,93.9571,9276.3,412.5,289412,1
"396",396,2003-03-01,0.0096054111179038,4.04773377943542,311.295732016585,5.9,94.2558,9290.4,407.8,289606,1
"397",397,2003-04-01,0.0760825042352903,4.20229208433,314.918140106467,5.9,94.0416,9337.4,408.7,289809,1
"398",398,2003-05-01,0.0500464301191472,5.13714597318075,318.003489511206,6,93.3666,9367.8,409.4,290024,1
"399",399,2003-06-01,0.0125912414857366,6.80897847825693,320.363231801688,6.1,93.3852,9429.7,408.8,290250,1
"400",400,2003-07-01,0.0172910271546056,8.52153712918264,322.213421718136,6.3,93.5219,9478.4,415.1,290484,1
"401",401,2003-08-01,0.0191230320496743,9.40921191985441,323.917995905496,6.2,93.9144,9510.8,425.9,290726,1
"402",402,2003-09-01,-0.01074046371458,9.16350153320465,325.758460941795,6.1,93.7371,9551.5,434.7,290974,1
"403",403,2003-10-01,0.0535079544370537,8.16721981803307,327.865783527888,6.1,94.3262,9591.3,443.3,291222,1
"404",404,2003-11-01,0.00870592631641433,6.98381490871821,330.279259537832,6,94.4442,9628.7,449.7,291463,1
"405",405,2003-12-01,0.0498185082035436,5.99777687697652,333.043105016867,5.8,95.2224,9704.9,479.5,291677,1
"406",406,2004-01-01,0.0180238795963288,5.37071959798875,336.110890201357,5.7,95.1545,9737.2,491.7,291868,1
"407",407,2004-02-01,0.0137036858944907,5.21257936477722,339.359286667438,5.7,95.3434,9766.9,502.6,292046,1
"408",408,2004-03-01,-0.0153189118534941,5.51830300415345,342.650428608206,5.6,95.9228,9804.8,515,292230,1
"409",409,2004-04-01,-0.0159485578420227,6.05754250315345,345.877687044838,5.8,95.4538,9853.4,523.9,292434,1
"410",410,2004-05-01,0.0135286802393803,6.50876262608255,348.976413578765,5.6,95.8653,9901.5,531,292651,1
"411",411,2004-06-01,0.0190745163157005,6.68578287802453,351.897157260481,5.6,96.6472,9989.2,542,292872,1
"412",412,2004-07-01,-0.0342304382227419,6.65809551375763,354.595880896372,5.6,95.8588,10026.5,551.2,293103,1
"413",413,2004-08-01,0.00401765318734505,6.60210917268451,357.063866086148,5.5,96.5901,10070.3,550,293350,1
"414",414,2004-09-01,0.0107149447919706,6.64948159045155,359.315038942629,5.4,96.6687,10117.9,541.7,293603,1
"415",415,2004-10-01,0.0150474740905198,6.85509826934523,361.362388025906,5.4,96.745,10146.1,549.6,293857,1
"416",416,2004-11-01,0.0388880065634776,7.25089367160448,363.213555388645,5.5,97.6604,10196.6,552.9,294104,1
"417",417,2004-12-01,0.0328788584651393,7.7910843998353,364.871238593495,5.4,97.8427,10211.7,546.4,294337,1
"418",418,2005-01-01,-0.0249836187927981,8.19187410631137,366.335848585912,5.4,98.5495,10561.3,838.7,294561,1
"419",419,2005-02-01,0.020610237983235,8.01140398853009,367.615634982094,5.3,99.002,10313.5,552.2,294768,1
"420",420,2005-03-01,-0.0180269996299988,7.00781198656296,368.733470707804,5.4,99.6741,10352.4,542,294955,1
"421",421,2005-04-01,-0.0193319357818825,5.62525435034822,369.716820138843,5.2,99.5181,10414.2,569.3,295149,1
"422",422,2005-05-01,0.0308371696691669,4.75819794246335,370.599307855089,5.2,99.6518,10469.3,569.1,295359,1
"423",423,2005-06-01,0.00141771518436784,5.06235215789596,371.449040980837,5.1,99.8158,10523.7,577,295582,1
"424",424,2005-07-01,0.0358542173084445,6.22503828997967,372.360084524515,5,100.2232,10565.7,561.5,295824,1
"425",425,2005-08-01,-0.00920547917062418,7.24135991987572,373.431579100879,5,99.8997,10640.3,566.9,296077,1
"426",426,2005-09-01,0.00803400132716938,7.29678382225408,374.644619505887,4.9,100.1025,10701.9,574,296338,1
"427",427,2005-10-01,-0.0169529857003782,6.54785474812522,375.846634391441,5,98.2644,10754.9,582.8,296606,1
"428",428,2005-11-01,0.0364435269032059,5.92350851525992,376.83641850009,5,99.4949,10826,604.4,296857,1
"429",429,2005-12-01,0.000303512630747536,6.23096551708864,377.501331238181,5,100.5129,10878.1,612.2,297089,1
"430",430,2006-01-01,0.0257948976462842,7.33734179254569,377.889981772837,4.9,101.1118,10939.9,628.3,297311,1
"431",431,2006-02-01,0.00270324432743158,8.28211613988698,378.152832642648,4.7,101.2313,11154.6,662.6,297526,1
"432",432,2006-03-01,0.0122804729418025,8.15320484489695,378.399156364986,4.8,101.2755,11216.5,686.9,297734,1
"433",433,2006-04-01,0.0132498102549778,6.87916857789534,378.567192507303,4.7,101.4651,11263,706,297950,1
"434",434,2006-05-01,-0.0296342344820183,5.20947472793729,378.439591229822,4.7,101.9012,11304.7,704.5,298170,1
"435",435,2006-06-01,0.00132721045074607,3.91665612432957,377.777489907515,4.6,101.7589,11319,717.8,298401,1
"436",436,2006-07-01,0.00613069941976533,3.33265244618189,376.577449662915,4.6,102.1304,11369.6,725.5,298653,1
"437",437,2006-08-01,0.0232401130873368,3.30994103720477,375.145499396574,4.7,102.0989,11402.6,726.5,298910,1
"438",438,2006-09-01,0.0250988206256131,3.66220411262116,373.911852333997,4.7,102.4526,11435.8,731.6,299178,1
"439",439,2006-10-01,0.031558064643187,4.20216445502032,373.15454352339,4.5,102.2753,11484.4,739.5,299452,1
"440",440,2006-11-01,0.0186631832743152,4.73606435211202,372.831960191426,4.4,102.2299,11527.9,748.1,299710,1
"441",441,2006-12-01,0.0137470108375176,5.06355880250916,372.686525357572,4.5,102.1419,11584,762.9,299950,1
"442",442,2007-01-01,0.0148976290106822,5.12352750441342,372.490618923306,4.4,103.2191,11675.2,772.2,300178,1
"443",443,2007-02-01,-0.019947602529505,5.04582279749224,372.037369977819,4.6,102.7129,11741.4,768.1,300398,1
"444",444,2007-03-01,0.0110496536440513,5.00237098279764,371.152571656164,4.5,103.7659,11821,772.6,300608,1
"445",445,2007-04-01,0.0424160797719681,5.05207110109721,369.653399024299,4.4,103.9538,11902.1,798,300823,1
"446",446,2007-05-01,0.0337116245700242,5.09111293048897,367.457784777108,4.5,104.7077,11925.5,816,301045,1
"447",447,2007-06-01,-0.0169050693311171,4.96339775083001,364.652310878757,4.4,104.7507,11953.9,829,301278,1
"448",448,2007-07-01,-0.0319970042229927,4.64739365935298,361.374965169911,4.6,104.7581,11969.3,815.7,301528,1
"449",449,2007-08-01,0.0147685858740407,4.33664295806338,357.788417979707,4.7,104.7111,12011.5,826.1,301790,1
"450",450,2007-09-01,0.0360404118016441,4.32244402479133,354.171311987397,4.6,104.9122,12027.4,831.2,302064,1
"451",451,2007-10-01,0.0156573884711047,4.63004099125289,350.89121233169,4.7,105.2764,12105.6,836.3,302334,1
"452",452,2007-11-01,-0.0427823723328648,4.79076021143256,348.299177913062,4.7,104.772,12121.5,837.3,302590,1
"453",453,2007-12-01,-0.00703021303123647,4.08478595053068,346.611264311811,4.7,105.3295,12175.1,832,302834,1
"454",454,2008-01-01,-0.0638090914607675,2.28290284437821,345.866441337471,5,105.3213,12258.4,835.9,303062,1
"455",455,2008-02-01,-0.0335762637499605,0.205825566734344,346.119919512229,5,105.0195,12313.6,861,303280,1
"456",456,2008-03-01,-0.00434203185567776,-0.771151058918741,347.173989173183,4.9,104.6741,12362.4,869.5,303494,1
"457",457,2008-04-01,0.0464419633571676,0.126024489053073,348.363856773171,5.1,104.4179,12429.3,864.6,303707,1
"458",458,2008-05-01,0.0127868304902175,2.23712445589528,348.761083198851,5,103.6403,12417.1,838.6,303926,1
"459",459,2008-06-01,-0.0920715227766892,4.0952295549276,347.672901720791,5.4,103.1178,12989.8,824.1,304157,1
"460",460,2008-07-01,-0.00847747430616435,4.61250849750243,345.121180764181,5.6,102.9484,12756.7,818.6,304396,1
"461",461,2008-08-01,0.0142583952450532,3.60196485852188,341.783012293925,5.8,102.4071,12608.2,810.9,304646,1
"462",462,2008-09-01,-0.0978311620740807,1.42538640056222,338.286672943059,6.1,100.8875,12496.6,798.9,304903,1
"463",463,2008-10-01,-0.20184836173712,-1.5369734806769,335.099347568381,6.1,96.5439,12504,782.4,305158,1
"464",464,2008-11-01,-0.0773013210685633,-4.5925644716313,332.435356256535,6.5,97.4562,12482.9,761.9,305403,4
"465",465,2008-12-01,0.0105223210621371,-6.80585427418112,330.49143303266,6.8,96.2593,12407.3,736.2,305620,4
"466",466,2009-01-01,-0.0920444201634343,-7.43948691428212,329.333490744784,7.3,93.4434,12270.1,698.5,305827,4
"467",467,2009-02-01,-0.119166424640157,-6.59938137730737,328.715544225312,7.8,91.2317,12146.5,692.3,306035,4
"468",468,2009-03-01,0.0805370046792833,-5.09807246033253,328.213528292906,8.3,90.6389,12040.4,663.5,306237,4
"469",469,2009-04-01,0.0873337145802954,-3.63108463663535,327.480691634729,8.7,89.1913,12000.5,643,306438,4
"470",470,2009-05-01,0.0529438126402402,-2.48959577180322,326.399359744849,9,88.3876,12037.3,587.8,306645,4
"471",471,2009-06-01,0.00197964511645962,-1.56948677104095,325.099766786452,9.4,87.4424,12221.4,560.6,306863,4
"472",472,2009-07-01,0.0703046484636803,-0.776268964737498,323.70222783862,9.5,87.065,12096.6,538.7,307090,4
"473",473,2009-08-01,0.0348273532525051,0.0509231439909872,322.388254137958,9.5,87.981,12054.2,517.6,307322,4
"474",474,2009-09-01,0.035972844530557,1.14393881145911,321.427431262698,9.6,88.9534,12057.9,503.7,307570,4
"475",475,2009-10-01,-0.0189428185213233,2.69610097859792,321.138852615837,9.8,89.6229,12091,495.3,307826,4
"476",476,2009-11-01,0.0565559196322968,4.47627481846563,321.673816514088,10,89.9136,12081.1,485.5,308071,4
"477",477,2009-12-01,0.0189493372178739,5.72153410260816,322.756495193325,9.9,90.2811,12137.2,479.6,308289,4
"478",478,2010-01-01,-0.0373167501919776,5.69933619421957,323.827979736835,9.9,90.5265,12183.5,477.3,308495,4
"479",479,2010-02-01,0.0300297297572951,4.43824284232718,324.404274900132,9.8,91.5636,12235.9,495.9,308706,4
"480",480,2010-03-01,0.0569108243668535,3.03966429274814,324.212691405856,9.8,91.8988,12213.3,509.7,308904,4
"481",481,2010-04-01,0.0155335352676958,2.64917637356268,323.254445657781,9.9,92.5394,12255.3,508.1,309095,4
"482",482,2010-05-01,-0.0867797375798867,3.61307867561481,321.525932747795,9.9,92.928,12344.8,514.4,309282,4
"483",483,2010-06-01,-0.0552438660420319,5.00723305793937,319.126054932873,9.6,94.3244,12438.5,524.3,309465,4
"484",484,2010-07-01,0.0654694958302441,5.77500958119828,316.352221019017,9.4,94.5056,12456.7,533.7,309657,4
"485",485,2010-08-01,-0.0472824534314013,5.45924145667075,313.560820369661,9.4,94.9417,12497.8,543.6,309866,4
"486",486,2010-09-01,0.0819329311474802,4.66469714150925,311.072114800416,9.5,95.3385,12563.2,554.9,310086,4
"487",487,2010-10-01,0.036651085755644,4.17301199837686,309.118910835309,9.5,95.6063,12570.6,567.1,310311,4
"488",488,2010-11-01,0.000124632698853355,4.32146086481433,307.878065422821,9.4,95.3785,12636.5,575.5,310525,4
"489",489,2010-12-01,0.0626447576691748,4.5808392666063,307.507703185477,9.8,95.4163,12696.3,589.1,310721,4
"490",490,2011-01-01,0.0231525881749079,4.20907576585725,307.957682535011,9.3,96.2444,12816.4,619.1,310907,4
"491",491,2011-02-01,0.0331186314022825,2.94403121163305,308.882497084947,9.1,96.1454,13019.1,630.9,311078,4
"492",492,2011-03-01,0.000397966494479312,1.57419667306287,309.921587180188,9,95.7235,13090.6,643.8,311234,4
"493",493,2011-04-01,0.028759030771844,1.22789423372004,310.774040264298,9,96.6445,13123.2,636.1,311400,4
"494",494,2011-05-01,-0.0114559345777952,2.45439559297492,311.278982975225,9.1,96.2727,13147.9,648.5,311575,4
"495",495,2011-06-01,-0.016951484127764,4.37585307956877,311.312873536047,9,96.4871,13185.1,661,311757,4
"496",496,2011-07-01,-0.0207599461918942,5.55930745648976,310.792231277831,9.1,96.715,13251.4,673.7,311956,4
"497",497,2011-08-01,-0.0574504687326746,5.12639711910084,309.823032570027,9,97.1317,13337,687.2,312168,4
"498",498,2011-09-01,-0.0756151058665363,3.69609320484816,308.674637621012,9,97.7027,13358.9,697.8,312388,4
"499",499,2011-10-01,0.0985210881629947,2.5803263850886,307.599340672568,9,97.6288,13345.9,707.5,312612,4
"500",500,2011-11-01,-0.00222178343750851,2.69656286682031,306.812611600533,8.8,98.3224,13359.6,720.9,312817,4
"501",501,2011-12-01,0.0101033613337027,3.83362236181642,306.457662127101,8.6,98.1979,13363.2,731.6,313004,4
"502",502,2012-01-01,0.0428939976450404,5.1631955184607,306.681013589392,8.5,98.6923,13472.4,747.8,313186,4
"503",503,2012-02-01,0.041452183182089,6.03219832439921,307.534601021286,8.3,99.3264,13567.1,748.4,313355,4
"504",504,2012-03-01,0.0318048183320344,6.25803457128575,308.807738490059,8.3,99.6217,13675.2,754.4,313518,4
"505",505,2012-04-01,-0.00631963547824976,5.96097108904048,310.169737901766,8.2,99.0674,13744.8,764.3,313686,4
"506",506,2012-05-01,-0.063944717771224,5.2543750149616,311.340496297376,8.2,99.8626,13801.1,780.3,313856,4
"507",507,2012-06-01,0.0395737672077249,4.34834107455063,312.205474934732,8.2,100.0384,13805.1,791.5,314036,4
"508",508,2012-07-01,0.0136992939378277,3.52554269101327,312.825174088696,8.2,100.0677,13836.1,787.3,314231,4
"509",509,2012-08-01,0.0220396911514386,3.02082467323657,313.252515298684,8.2,100.304,13808.8,773.5,314438,4
"510",510,2012-09-01,0.0251905034708722,2.82146233637857,313.585399630503,8.1,99.9132,13837.4,790.2,314661,4
"511",511,2012-10-01,-0.018811268522114,2.68624782750168,314.002711564108,7.8,99.9138,13955.2,824.9,314881,4
"512",512,2012-11-01,0.00576513073833849,2.42692436219851,314.700618688721,7.8,100.2063,14076,881,315090,4
"513",513,2012-12-01,0.00899296504067305,2.1347074029015,315.815070964482,7.7,100.7003,14251.7,936,315284,4
"514",514,2013-01-01,0.049240386728127,2.21264785721062,317.282541207666,7.9,100.9782,14622.9,1187.4,315457,4
"515",515,2013-02-01,0.013386905143392,2.99302819987079,318.935317612096,8,100.8955,13868.5,748.8,315605,4
"516",516,2013-03-01,0.0361490420010878,4.28331997936887,320.623656015679,7.7,101.4671,13918.4,764.4,315746,4
"517",517,2013-04-01,0.0189006035477432,5.22650233841605,322.232284195176,7.5,101.772,13925.7,764.8,315900,4
"518",518,2013-05-01,0.0228460380488796,5.03645577640898,323.692600014251,7.6,101.6802,13937.6,768.5,316066,4
"519",519,2013-06-01,-0.0136089303972394,3.67779381176256,324.935685773117,7.5,101.6916,14028.5,785.4,316247,4
"520",520,2013-07-01,0.0484200321577704,2.21215189596654,325.929339167415,7.5,101.873,14085.4,797.9,316439,4
"521",521,2013-08-01,-0.0298367783124734,1.68417059252643,326.728903027628,7.3,101.297,14079.7,802.6,316649,4
"522",522,2013-09-01,0.0304085511240985,2.51255384432537,327.403617768867,7.2,102.0772,14137.4,810.8,316877,4
"523",523,2013-10-01,0.0439431810401779,4.04495570061854,328.034551307583,7.2,102.5705,14188.9,821.4,317103,4
"524",524,2013-11-01,0.0295669822953961,5.57818773822457,328.7563649385,7.2,102.4728,14176.3,817,317319,4
"525",525,2013-12-01,0.0246261826341064,6.5269953289851,329.742848335739,6.9,102.8086,14243.8,822.3,317519,4
"526",526,2014-01-01,-0.035812426387435,6.55400568143079,331.145340691208,6.7,103.0979,14293.9,829.6,317707,4
"527",527,2014-02-01,0.0437347264924458,5.35148341642601,332.960585940215,6.6,102.6063,14382.6,841,317883,4
"528",528,2014-03-01,0.00833785741946799,3.08859589332663,334.959535337204,6.7,103.6292,14484.8,863.1,318049,4
"529",529,2014-04-01,0.00733517989594757,1.02814342934989,336.910846476055,6.7,104.5546,14590.2,888.2,318222,4
"530",530,2014-05-01,0.022927570090909,0.580529831659507,338.634243577198,6.3,104.7807,14642.9,913.3,318403,4
"531",531,2014-06-01,0.0202401416620493,2.44540686584265,340.107624060584,6.3,105.0799,14708.3,930,318596,1
"532",532,2014-07-01,-0.0139851756692348,5.40526151697896,341.346147992678,6.1,105.4698,14789.4,948.7,318797,1
"533",533,2014-08-01,0.0384627698379335,7.88096950461186,342.367688083965,6.2,105.4919,14848.9,961.3,319017,1
"534",534,2014-09-01,-0.0142203681247687,8.73905557256112,343.225846991523,6.2,105.425,14933.2,971.8,319253,1
"535",535,2014-10-01,0.0238381965986566,8.22926069344688,343.998207621448,5.9,105.7329,14992.4,982.2,319488,1
"536",536,2014-11-01,0.0261785365025921,6.94088481664071,344.761890474156,5.7,105.7898,15081.4,991.9,319713,1
"537",537,2014-12-01,-0.0025798939736942,5.3965053073124,345.602969194875,5.8,106.6134,15161,1002.1,319914,1
"538",538,2015-01-01,-0.0309472940671029,3.92324131342234,346.622637319971,5.6,106.3797,15203.9,1008.8,320101,1
"539",539,2015-02-01,0.0543467857257104,2.78717001541428,347.923490016289,5.7,105.6148,15240.2,1024.8,320271,1
"540",540,2015-03-01,-0.01606567666092,2.21547475174166,349.563761887142,5.5,105.4321,15320,1076.8,320427,1
"541",541,2015-04-01,0.00949901319127317,2.24423881814145,351.439765897072,5.5,105.0745,15342.9,1038.7,320596,1
"542",542,2015-05-01,0.0126979097703999,2.84076835875787,353.396431591637,5.4,104.6624,15441.6,1028.9,320778,1
"543",543,2015-06-01,-0.0197403257807636,3.91439719929976,355.29057735884,5.5,104.2843,15531.9,1018.1,320968,1
"544",544,2015-07-01,0.0205243151071375,5.05364024721266,357.037151365264,5.3,103.9927,15574.9,1018.7,321171,1
"545",545,2015-08-01,-0.0642126046979719,5.68270731286979,358.602525710208,5.2,104.515,15586.6,1011.5,321390,1
"546",546,2015-09-01,-0.0253669846328647,5.33360204904445,359.95272612083,5.1,104.5091,15626.1,1010.6,321620,1
"547",547,2015-10-01,0.0777904086852533,4.1863585120518,361.080324349329,5,104.2038,15663.9,1009.6,321851,1
"548",548,2015-11-01,0.00296648025086396,2.80982732567356,362.030518552622,5,104.0045,15751.7,1005.3,322070,1
"549",549,2015-12-01,-0.0161180608482527,1.71224318094365,362.852854478794,5,103.3965,15776.4,1001.5,322270,1
"550",550,2016-01-01,-0.0522168283329677,1.02762058195906,363.616390003677,5,102.9179,15779.5,993.2,322464,1
"551",551,2016-02-01,-0.00134930087137168,0.616035990848773,364.478924203521,4.9,103.4822,15752.9,989.5,322635,1
"552",552,2016-03-01,0.0635262450995122,0.362686035556076,365.635807010532,4.9,103.2685,15727.5,971.4,322789,1
"553",553,2016-04-01,0.00386411362296512,0.335760340585236,367.261872670644,5,102.5263,15772.8,971.7,322955,1
"554",554,2016-05-01,0.0176376188468339,0.769369349903082,369.341914893857,5,102.8697,15861.6,966.5,323134,1
"555",555,2016-06-01,0.00258864698683925,1.8628795811444,371.66344437691,4.7,102.7552,15908.5,966.6,323322,1
"556",556,2016-07-01,0.0355538629330588,3.39541106928902,374.015602555571,4.9,103.1249,15960.3,955.7,323522,1
"557",557,2016-08-01,0.00140524899934652,4.70708644341956,376.225464262054,4.9,103.2173,16016,954.1,323737,1
"558",558,2016-09-01,0.000186661518387593,5.16572281213241,378.222734272773,4.9,103.1459,16024.7,958.1,323961,1
"559",559,2016-10-01,-0.018580701313978,4.69144939906296,379.950815716956,5,102.9898,16043.4,956.9,324186,1
"560",560,2016-11-01,0.0357135955540474,3.89079504159763,381.364443465704,4.9,103.1742,16035.4,957.9,324400,1
"561",561,2016-12-01,0.0193185357984072,3.37749342514667,382.48960862017,4.6,102.9478,16014.4,954,324595,1
"562",562,2017-01-01,0.0186132945393581,3.407611362033,383.384268332761,4.7,103.7675,16027.3,947.3,324783,1
"563",563,2017-02-01,0.0381889876656354,3.70162588127864,384.113319335109,4.8,103.4572,16173.5,942.4,324951,1
"564",564,2017-03-01,0.00116511079400014,3.9537647719119,384.869055865315,4.7,103.7038,16257.3,943.1,325104,1
"565",565,2017-04-01,0.010166624983386,4.0016527683535,386.000964927841,4.5,103.9162,16304.9,944.9,325270,1
"566",566,2017-05-01,0.0138767559618334,3.94297996849088,387.861129472001,4.4,105.0468,16314.4,948.6,325449,1
"567",567,2017-06-01,0.0062021667064267,3.89666090414381,390.618612926657,4.3,105.0682,16353.8,994.7,325637,1
"568",568,2017-07-01,0.0201479145741856,3.93998546722888,393.862981328671,4.3,105.2526,16350.6,964.9,325836,1
"569",569,2017-08-01,0.00305180416535354,4.0586030299945,397.07227293444,4.3,105.0086,16412.9,970,326051,1
"570",570,2017-09-01,0.0202114386747,4.22750376458334,399.771922387759,4.4,104.5605,16458.2,972.1,326275,1
"571",571,2017-10-01,0.0228016912393154,4.42285027127977,401.891347513071,4.2,104.8195,16535.6,977.7,326500,1
"572",572,2017-11-01,0.0297586166871668,4.62461368449291,403.591737251985,4.1,106.5818,16595.4,979.2,326714,1
"573",573,2017-12-01,0.010926434089246,4.81319737097108,405.031442231888,4.1,106.8643,16651.4,973.1,326909,1
