KYTREASNOX,MCALDT,TMYTM
2000001,01/31/1973,5.5713957999
2000001,02/28/1973,5.5794192629
2000001,03/30/1973,5.8749135902
2000001,04/30/1973,5.9870019491
2000001,05/31/1973,6.5266410406
2000001,06/29/1973,7.4356971567
2000001,07/31/1973,8.3118257302
2000001,08/31/1973,8.5812769024
2000001,09/28/1973,7.3351582621
2000001,10/31/1973,6.9281956194
2000001,11/30/1973,7.4474415501
2000001,12/31/1973,7.3635220605
2000001,01/31/1974,7.5503336811
2000001,02/28/1974,7.3767217526
2000001,03/29/1974,8.4995023135
2000001,04/30/1974,8.7712716996
2000001,05/31/1974,7.8337847196
2000001,06/28/1974,7.6806731343
2000001,07/31/1974,7.7145427956
2000001,08/30/1974,9.2151194459
2000001,09/30/1974,6.1704820957
2000001,10/31/1974,6.6723874729
2000001,11/29/1974,7.4984985239
2000001,12/31/1974,6.5368548941
2000001,01/31/1975,5.5399943958
2000001,02/28/1975,4.7555282358
2000001,03/31/1975,5.2738987318
2000001,04/30/1975,5.2139016622
2000001,05/30/1975,4.8563773445
2000001,06/30/1975,5.6507603351
2000001,07/31/1975,6.0297513221
2000001,08/29/1975,5.9680983042
2000001,09/30/1975,6.2922352643
2000001,10/31/1975,5.3157950014
2000001,11/28/1975,5.1837074516
2000001,12/31/1975,5.1720308363
2000001,01/30/1976,4.5212994869
2000001,02/27/1976,4.6536503208
2000001,03/31/1976,4.7555336273
2000001,04/30/1976,4.6937806939
2000001,05/28/1976,5.0604019785
2000001,06/30/1976,5.2961696443
2000001,07/30/1976,5.0814385987
2000001,08/31/1976,4.764475863
2000001,09/30/1976,5.0817996838
2000001,10/29/1976,4.7555174529
2000001,11/30/1976,4.3471995355
2000001,12/31/1976,4.2566144261
2000001,01/31/1977,4.5510384388
2000001,02/28/1977,4.4288747499
2000001,03/31/1977,4.5414160933
2000001,04/29/1977,4.3884197406
2000001,05/31/1977,4.8350901508
2000001,06/30/1977,4.949368002
2000001,07/29/1977,5.3463325225
2000001,08/31/1977,5.3776986434
2000001,09/30/1977,5.8151636363
2000001,10/31/1977,5.8240028233
2000001,11/30/1977,5.6937504516
2000001,12/30/1977,5.75402501
2000001,01/31/1978,5.9967208538
2000001,02/28/1978,6.088425174
2000001,03/31/1978,6.4972253572
2000001,04/28/1978,6.0486483399
2000001,05/31/1978,6.5097372536
2000001,06/30/1978,6.5595704755
2000001,07/31/1978,6.5170219182
2000001,08/31/1978,7.6013808132
2000001,09/29/1978,8.0193091668
2000001,10/31/1978,8.5363841008
2000001,11/30/1978,9.0628587331
2000001,12/29/1978,8.4280128146
2000001,01/31/1979,9.5219756131
2000001,02/28/1979,9.5424300333
2000001,03/30/1979,9.6421703239
2000001,04/30/1979,9.5693372512
2000001,05/31/1979,9.6869363074
2000001,06/29/1979,8.9901567044
2000001,07/31/1979,9.0981299697
2000001,08/31/1979,10.054020185
2000001,09/28/1979,10.279168062
2000001,10/31/1979,11.717011923
2000001,11/30/1979,10.903798849
2000001,12/31/1979,9.3444829227
2000001,01/31/1980,11.721614021
2000001,02/29/1980,13.616367857
2000001,03/31/1980,15.050646803
2000001,04/30/1980,9.2379298527
2000001,05/30/1980,7.1820263316
2000001,06/30/1980,6.2010228155
2000001,07/31/1980,7.4992604535
2000001,08/29/1980,9.2969461595
2000001,09/30/1980,10.794970513
2000001,10/31/1980,11.682503146
2000001,11/28/1980,14.651751019
2000001,12/31/1980,12.527633629
2000001,01/30/1981,13.919302366
2000001,02/27/1981,14.032281898
2000001,03/31/1981,13.016699447
2000001,04/30/1981,13.819236045
2000001,05/29/1981,16.150476854
2000001,06/30/1981,14.411282282
2000001,07/31/1981,14.957169615
2000001,08/31/1981,14.968477193
2000001,09/30/1981,13.996604564
2000001,10/30/1981,12.718200058
2000001,11/30/1981,10.244136882
2000001,12/31/1981,9.6357817265
2000001,01/29/1982,11.928527163
2000001,02/26/1982,11.826010304
2000001,03/31/1982,13.421077154
2000001,04/30/1982,12.236136493
2000001,05/28/1982,11.43652284
2000001,06/30/1982,11.778569609
2000001,07/30/1982,8.9186291126
2000001,08/31/1982,6.2106838962
2000001,09/30/1982,7.0194057465
2000001,10/29/1982,7.7026858296
2000001,11/30/1982,7.6280291665
2000001,12/31/1982,8.0601503572
2000001,01/31/1983,8.0371050829
2000001,02/28/1983,7.4247662729
2000001,03/31/1983,8.5720773363
2000001,04/29/1983,8.1112743389
2000001,05/31/1983,8.0770329299
2000001,06/30/1983,8.694743147
2000001,07/29/1983,8.918634525
2000001,08/31/1983,9.1458334752
2000001,09/30/1983,8.7550479951
2000001,10/31/1983,8.4455336434
2000001,11/30/1983,8.501515653
2000001,12/30/1983,8.6426254597
2000001,01/31/1984,8.8836034315
2000001,02/29/1984,8.8901222769
2000001,03/30/1984,9.5526534783
2000001,04/30/1984,9.2627329727
2000001,05/31/1984,9.3594956378
2000001,06/29/1984,9.3583326218
2000001,07/31/1984,9.6497971063
2000001,08/31/1984,10.719467249
2000001,09/28/1984,10.432752085
2000001,10/31/1984,8.6037736485
2000001,11/30/1984,7.4066182576
2000001,12/31/1984,7.5982081146
2000001,01/31/1985,7.6524777183
2000001,02/28/1985,7.7137101096
2000001,03/29/1985,8.090852577
2000001,04/30/1985,7.3525886492
2000001,05/31/1985,7.0296213258
2000001,06/28/1985,6.6310166669
2000001,07/31/1985,7.0609187155
2000001,08/30/1985,7.0697557904
2000001,09/30/1985,7.0676980409
2000001,10/31/1985,7.1725344372
2000001,11/29/1985,6.5697883559
2000001,12/31/1985,5.9050295581
2000001,01/31/1986,6.7840189984
2000001,02/28/1986,6.9473186381
2000001,03/31/1986,6.2723949857
2000001,04/30/1986,5.8976753955
2000001,05/30/1986,6.1516193975
2000001,06/30/1986,5.8851137575
2000001,07/31/1986,5.632140287
2000001,08/29/1986,5.1222167117
2000001,09/30/1986,5.1105774962
2000001,10/31/1986,5.1222167117
2000001,11/28/1986,4.9595522633
2000001,12/31/1986,5.1127508154
2000001,01/30/1987,5.5807467662
2000001,02/27/1987,5.3667452979
2000001,03/31/1987,5.2022089372
2000001,04/30/1987,4.8576826944
2000001,05/29/1987,5.3870775418
2000001,06/30/1987,4.9273292069
2000001,07/31/1987,5.6011208337
2000001,08/31/1987,5.6609730205
2000001,09/30/1987,6.4995382113
2000001,10/30/1987,4.0225322105
2000001,11/30/1987,3.5133221671
2000001,12/31/1987,3.6869246448
2000001,01/29/1988,5.2852151959
2000001,02/29/1988,5.1720374063
2000001,03/31/1988,5.7340599065
2000001,04/29/1988,5.75402501
2000001,05/31/1988,5.864269222
2000001,06/30/1988,6.5397903918
2000001,07/29/1988,6.375983835
2000001,08/31/1988,7.2038652152
2000001,09/30/1988,7.0901677424
2000001,10/31/1988,6.7413256927
2000001,11/30/1988,6.826121781
2000001,12/30/1988,6.6105798379
2000001,01/31/1989,7.8831222935
2000001,02/28/1989,7.536208732
2000001,03/31/1989,8.7754920165
2000001,04/28/1989,8.5608492039
2000001,05/31/1989,8.5935381822
2000001,06/30/1989,8.2542910407
2000001,07/31/1989,7.8431482234
2000001,08/31/1989,7.7852373732
2000001,09/29/1989,7.7537675602
2000001,10/31/1989,7.6892466395
2000001,11/30/1989,7.0704420621
2000001,12/29/1989,6.2637939553
2000001,01/31/1990,7.6430412333
2000001,02/28/1990,7.7043367347
2000001,03/30/1990,7.9988927591
2000001,04/30/1990,7.5165806335
2000001,05/31/1990,7.3358802745
2000001,06/29/1990,7.6414372125
2000001,07/31/1990,7.4647976289
2000001,08/31/1990,7.488278407
2000001,09/28/1990,7.0187276077
2000001,10/31/1990,6.7444660259
2000001,11/30/1990,6.6513962741
2000001,12/31/1990,5.4470246592
2000001,01/31/1991,5.8768054773
2000001,02/28/1991,5.7136792637
2000001,03/28/1991,5.8870017127
2000001,04/30/1991,5.416064879
2000001,05/31/1991,5.3875033663
2000001,06/28/1991,5.1833265567
2000001,07/31/1991,5.5408068954
2000001,08/30/1991,5.3055890496
2000001,09/30/1991,4.9887482443
2000001,10/31/1991,4.7863838742
2000001,11/29/1991,4.0632353975
2000001,12/31/1991,3.7165038872
2000001,01/31/1992,3.7274358137
2000001,02/28/1992,3.8495326005
2000001,03/31/1992,4.0114669449
2000001,04/30/1992,3.503796115
2000001,05/29/1992,3.6358723359
2000001,06/30/1992,3.5131227451
2000001,07/31/1992,3.0764873769
2000001,08/31/1992,3.0252721432
2000001,09/30/1992,2.6903718748
2000001,10/30/1992,2.7714911176
2000001,11/30/1992,2.6695518171
2000001,12/31/1992,2.924095647
2000001,01/29/1993,2.8629808971
2000001,02/26/1993,2.7206668315
2000001,03/31/1993,2.8632056868
2000001,04/30/1993,2.8528149815
2000001,05/28/1993,2.9544784744
2000001,06/30/1993,2.8632056868
2000001,07/30/1993,2.8841112117
2000001,08/31/1993,2.86253146
2000001,09/30/1993,2.7817623553
2000001,10/29/1993,2.832483438
2000001,11/30/1993,2.7507461103
2000001,12/31/1993,2.9443116923
2000001,01/31/1994,2.7915009651
2000001,02/28/1994,2.9032987816
2000001,03/31/1994,3.3918989994
2000001,04/29/1994,3.6155259568
2000001,05/31/1994,3.78769532
2000001,06/30/1994,3.5241423358
2000001,07/29/1994,3.9512905316
2000001,08/31/1994,4.3894881357
2000001,09/30/1994,4.4907686561
2000001,10/31/1994,4.3372844282
2000001,11/30/1994,4.9497012179
2000001,12/30/1994,4.7351498425
2000001,01/31/1995,5.1818525865
2000001,02/28/1995,5.0189488833
2000001,03/31/1995,5.7743909736
2000001,04/28/1995,5.7336174613
2000001,05/31/1995,5.6427565072
2000001,06/30/1995,5.3259674856
2000001,07/31/1995,5.4470246592
2000001,08/31/1995,5.3671207596
2000001,09/29/1995,5.3565358645
2000001,10/31/1995,4.9884068671
2000001,11/30/1995,5.4180780231
2000001,12/29/1995,4.5824050818
2000001,01/31/1996,4.9293244088
2000001,02/29/1996,4.979926905
2000001,03/29/1996,5.193514566
2000001,04/30/1996,4.8357082855
2000001,05/31/1996,5.0308652526
2000001,06/28/1996,4.8166226027
2000001,07/31/1996,5.0312125497
2000001,08/30/1996,5.1120131992
2000001,09/30/1996,4.9887482443
2000001,10/31/1996,4.9620990717
2000001,11/29/1996,4.9490290257
2000001,12/31/1996,4.8738811345
2000001,01/31/1997,4.9694006943
2000001,02/28/1997,5.0559845986
2000001,03/31/1997,5.2229561266
2000001,04/30/1997,4.9904560646
2000001,05/30/1997,4.4144109426
2000001,06/30/1997,5.0447502389
2000001,07/31/1997,5.1174661533
2000001,08/29/1997,5.0177849564
2000001,09/30/1997,4.7491875957
2000001,10/31/1997,4.8930089305
2000001,11/28/1997,4.9901143758
2000001,12/31/1997,5.1076353752
2000001,01/30/1998,5.0254247761
2000001,02/27/1998,5.1222005318
2000001,03/31/1998,5.2302188224
2000001,04/30/1998,4.7278187206
2000001,05/29/1998,4.5671318009
2000001,06/30/1998,4.7033850153
2000001,07/31/1998,4.7453335994
2000001,08/31/1998,4.6909641974
2000001,09/30/1998,4.0280603618
2000001,10/30/1998,3.551946008
2000001,11/30/1998,4.4415961914
2000001,12/31/1998,4.3943146741
2000001,01/29/1999,4.4093206215
2000001,02/26/1999,4.5060408504
2000001,03/31/1999,4.5575195611
2000001,04/30/1999,4.4524873101
2000001,05/28/1999,4.4195012879
2000001,06/30/1999,4.4378579644
2000001,07/30/1999,4.4500438663
2000001,08/31/1999,4.4998388502
2000001,09/30/1999,4.5012280204
2000001,10/29/1999,4.3660538664
2000001,11/30/1999,4.5710761346
2000001,12/31/1999,5.1018259635
2000001,01/31/2000,5.3859108304
2000001,02/29/2000,5.3142279076
2000001,03/31/2000,5.8559426449
2000001,04/28/2000,5.2699277175
2000001,05/31/2000,4.6746488432
2000001,06/30/2000,5.6291424028
2000001,07/31/2000,5.8749103032
2000001,08/31/2000,6.2337330537
2000001,09/29/2000,5.9196591991
2000001,10/31/2000,6.0272657762
2000001,11/30/2000,6.1189930097
2000001,12/29/2000,5.7692941998
2000001,01/31/2001,4.8274465059
2000001,02/28/2001,5.0133813859
2000001,03/30/2001,4.4322272566
2000001,04/30/2001,3.7421209392
2000001,05/31/2001,3.4453029432
2000001,06/29/2001,3.4146261678
2000001,07/31/2001,3.6402319747
2000001,08/31/2001,3.3739421809
2000001,09/28/2001,2.3776658208
2000001,10/31/2001,2.0933052972
2000001,11/30/2001,1.727535072
2000001,12/31/2001,1.6360319456
2000001,01/31/2002,1.6894928025
2000001,02/28/2002,1.7326538389
2000001,03/28/2002,1.7098036559
2000001,04/30/2002,1.7527549769
2000001,05/31/2002,1.6894928025
2000001,06/28/2002,1.6666054954
2000001,07/31/2002,1.6996877751
2000001,08/30/2002,1.6564509021
2000001,09/30/2002,1.5700393813
2000001,10/31/2002,1.4204113327
2000001,11/29/2002,1.2173566325
2000001,12/31/2002,1.1360858114
2000001,01/31/2003,1.146306235
2000001,02/28/2003,1.1945184919
2000001,03/31/2003,1.1411778473
2000001,04/30/2003,1.0930542666
2000001,05/30/2003,1.1209322327
2000001,06/30/2003,0.7936354691
2000001,07/31/2003,0.8799197267
2000001,08/29/2003,0.9712378252
2000001,09/30/2003,0.8519648892
2000001,10/31/2003,0.915424914
2000001,11/28/2003,0.9002148187
2000001,12/31/2003,0.8266563527
2000001,01/30/2004,0.8266376259
2000001,02/27/2004,0.9331832528
2000001,03/31/2004,0.9230589444
2000001,04/30/2004,0.8088810495
2000001,05/28/2004,0.9078142873
2000001,06/30/2004,1.1285792776
2000001,07/30/2004,1.2782607161
2000001,08/31/2004,1.4405747305
2000001,09/30/2004,1.4584846822
2000001,10/29/2004,1.7478456994
2000001,11/30/2004,2.032008429
2000001,12/31/2004,1.9078053199
2000001,01/31/2005,2.1615662763
2000001,02/28/2005,2.4968121415
2000001,03/31/2005,2.5987909497
2000001,04/29/2005,2.710502263
2000001,05/31/2005,2.7507461101
2000001,06/30/2005,2.9851015763
2000001,07/29/2005,3.2290180062
2000001,08/31/2005,3.3411937269
2000001,09/30/2005,3.1857987941
2000001,10/31/2005,3.696351591
2000001,11/30/2005,3.9705619269
2000001,12/30/2005,3.9462024059
2000001,01/31/2006,4.32685138
2000001,02/28/2006,4.4235178168
2000001,03/31/2006,4.5925873897
2000001,04/28/2006,4.6129522954
2000001,05/31/2006,4.6950205345
2000001,06/30/2006,4.6842325075
2000001,07/31/2006,5.0324328562
2000001,08/31/2006,4.9646458864
2000001,09/29/2006,4.6485918098
2000001,10/31/2006,5.1512046616
2000001,11/30/2006,4.9799269054
2000001,12/29/2006,4.7682474055
2000001,01/31/2007,5.0006450323
2000001,02/28/2007,5.1433013319
2000001,03/30/2007,5.0508912344
2000001,04/30/2007,4.7545869406
2000001,05/31/2007,4.6947181319
2000001,06/29/2007,4.5314949907
2000001,07/31/2007,5.1054887599
2000001,08/31/2007,4.1522907863
2000001,09/28/2007,3.4425973033
2000001,10/31/2007,3.9822547732
2000001,11/30/2007,3.2188486233
2000001,12/31/2007,2.857562028
2000001,01/31/2008,1.6641047919
2000001,02/29/2008,2.0703283907
2000001,03/31/2008,1.2375946393
2000001,04/30/2008,1.258002345
2000001,05/30/2008,1.948433781
2000001,06/30/2008,1.6944130667
2000001,07/31/2008,1.5828673114
2000001,08/29/2008,1.664066838
2000001,09/30/2008,0.9635759103
2000001,10/31/2008,0.2535021507
2000001,11/28/2008,0.0304171103
2000001,12/31/2008,0.0304171229
2000001,01/30/2009,0.1774452198
2000001,02/27/2009,0.1723749494
2000001,03/31/2009,0.1520928393
2000001,04/30/2009,0.0354867149
2000001,05/29/2009,0.0811141755
2000001,06/30/2009,0.1444877458
2000001,07/31/2009,0.1292786171
2000001,08/31/2009,0.0937884575
2000001,09/30/2009,0.0430911935
2000001,10/30/2009,0.0101389368
2000001,11/30/2009,0.0735092391
2000001,12/31/2009,0.0380215264
2000001,01/29/2010,0.0152084411
2000001,02/26/2010,0.0735094612
2000001,03/31/2010,0.1343491786
2000001,04/30/2010,0.1419538294
2000001,05/28/2010,0.1368837265
2000001,06/30/2010,0.1622352014
2000001,07/30/2010,0.1419538294
2000001,08/31/2010,0.1520928393
2000001,09/30/2010,0.1343489313
2000001,10/29/2010,0.1267435927
2000001,11/30/2010,0.1698382425
2000001,12/31/2010,0.0811141755
2000001,01/31/2011,0.1495581093
2000001,02/28/2011,0.0785790109
2000001,03/31/2011,0.0583002407
2000001,04/29/2011,0.0152084411
2000001,05/31/2011,0.0430910409
2000001,06/30/2011,0.0076041944
2000001,07/29/2011,0.0887189436
2000001,08/31/2011,0
2000001,09/30/2011,0.0152084411
2000001,10/31/2011,0.0050694554
2000001,11/30/2011,0
2000001,12/30/2011,0
2000001,01/31/2012,0.0380214274
2000001,02/29/2012,0.053230564
2000001,03/30/2012,0.0354866976
2000001,04/30/2012,0.0760441223
2000001,05/31/2012,0.0278823172
2000001,06/29/2012,0.0354866976
2000001,07/31/2012,0.0608348542
2000001,08/31/2012,0.0785792647
2000001,09/28/2012,0.0405563216
2000001,10/31/2012,0.09378906
2000001,11/30/2012,0.1216729532
2000001,12/31/2012,0.0253474951
2000001,01/31/2013,0.0608351077
2000001,02/28/2013,0.0481608343
2000001,03/28/2013,0.0405563442
2000001,04/30/2013,0.0152084284
2000001,05/31/2013,0.0152084442
2000001,06/28/2013,0.0101389368
2000001,07/31/2013,0.0101389396
2000001,08/30/2013,0.0101389368
2000001,09/30/2013,0.0202779524
2000001,10/31/2013,0.0354867149
2000001,11/29/2013,0.0253475215
2000001,12/31/2013,0.0152084284
2000001,01/31/2014,0.0506956414
2000001,02/28/2014,0.0304170976
2000001,03/31/2014,0.0177431892
2000001,04/30/2014,0.0101389396
2000001,05/30/2014,0.0228127424
2000001,06/30/2014,0.0152084316
2000001,07/31/2014,0.0050694568
2000001,08/29/2014,0.0050694564
2000001,09/30/2014,0.0152084284
2000001,10/31/2014,0.0025347252
2000001,11/28/2014,0.0050694568
2000001,12/31/2014,0.0101389396
2000001,01/30/2015,-0.020277586
2000002,01/31/1973,5.7702174221
2000002,02/28/1973,5.9451646216
2000002,03/30/1973,6.5013062452
2000002,04/30/1973,6.3158424287
2000002,05/31/1973,7.0472413242
2000002,06/29/1973,7.6246955944
2000002,07/31/1973,8.4860857498
2000002,08/31/1973,8.824905834
2000002,09/28/1973,7.0981469799
2000002,10/31/1973,7.4919613568
2000002,11/30/1973,7.4284461396
2000002,12/31/1973,7.5968964069
2000002,01/31/1974,7.6254994212
2000002,02/28/1974,7.5944974284
2000002,03/29/1974,8.4468675143
2000002,04/30/1974,9.0874559093
2000002,05/31/1974,8.2346993133
2000002,06/28/1974,7.4697617502
2000002,07/31/1974,7.8123951606
2000002,08/30/1974,9.1059201529
2000002,09/30/1974,6.4715419051
2000002,10/31/1974,7.9459671438
2000002,11/29/1974,7.6040458989
2000002,12/31/1974,7.1828269651
2000002,01/31/1975,5.7590305905
2000002,02/28/1975,5.4711837962
2000002,03/31/1975,5.6365042936
2000002,04/30/1975,5.5748147138
2000002,05/30/1975,5.2657080628
2000002,06/30/1975,6.0799933911
2000002,07/31/1975,6.3461991643
2000002,08/29/1975,6.4698136548
2000002,09/30/1975,6.6984165877
2000002,10/31/1975,5.7187927864
2000002,11/28/1975,5.6253723086
2000002,12/31/1975,5.2870112036
2000002,01/30/1976,4.793507349
2000002,02/27/1976,5.0808569608
2000002,03/31/1976,5.0507618548
2000002,04/30/1976,4.9884712072
2000002,05/28/1976,5.5842441574
2000002,06/30/1976,5.4617273092
2000002,07/30/1976,5.2657060085
2000002,08/31/1976,5.1949176252
2000002,09/30/1976,5.1530985609
2000002,10/29/1976,4.9782131247
2000002,11/30/1976,4.4969045407
2000002,12/31/1976,4.4038154861
2000002,01/31/1977,4.8557110778
2000002,02/28/1977,4.7941247057
2000002,03/31/1977,4.609159085
2000002,04/29/1977,4.762715842
2000002,05/31/1977,5.1127429811
2000002,06/30/1977,5.0709500032
2000002,07/29/1977,5.4917251751
2000002,08/31/1977,5.6673768277
2000002,09/30/1977,6.0059253003
2000002,10/31/1977,6.2551105595
2000002,11/30/1977,6.1922433315
2000002,12/30/1977,6.2426617575
2000002,01/31/1978,6.5625602326
2000002,02/28/1978,6.543137695
2000002,03/31/1978,6.6031938383
2000002,04/28/1978,6.3662304155
2000002,05/31/1978,6.779692882
2000002,06/30/1978,7.160057069
2000002,07/31/1978,7.018321163
2000002,08/31/1978,7.6978487686
2000002,09/29/1978,8.151947357
2000002,10/31/1978,8.9422120295
2000002,11/30/1978,9.2200248426
2000002,12/29/1978,9.4782374937
2000002,01/31/1979,9.5118662488
2000002,02/28/1979,9.6780640867
2000002,03/30/1979,9.6650897427
2000002,04/30/1979,9.7326300084
2000002,05/31/1979,9.8118066567
2000002,06/29/1979,9.1566314961
2000002,07/31/1979,9.3988690291
2000002,08/31/1979,10.049452072
2000002,09/28/1979,10.382183362
2000002,10/31/1979,12.451281717
2000002,11/30/1979,11.757541374
2000002,12/31/1979,12.252542994
2000002,01/31/1980,12.334104433
2000002,02/29/1980,14.40678182
2000002,03/31/1980,15.398115222
2000002,04/30/1980,10.635028628
2000002,05/30/1980,7.9037431267
2000002,06/30/1980,8.0934904011
2000002,07/31/1980,8.8052620289
2000002,08/29/1980,10.186034416
2000002,09/30/1980,11.744304686
2000002,10/31/1980,13.064291848
2000002,11/28/1980,14.911354811
2000002,12/31/1980,14.728077853
2000002,01/30/1981,15.027078142
2000002,02/27/1981,14.648476863
2000002,03/31/1981,12.79894301
2000002,04/30/1981,15.314509499
2000002,05/29/1981,15.564031481
2000002,06/30/1981,14.710043968
2000002,07/31/1981,15.332313431
2000002,08/31/1981,16.042144738
2000002,09/30/1981,14.906987098
2000002,10/30/1981,13.10617936
2000002,11/30/1981,10.586059621
2000002,12/31/1981,11.352493138
2000002,01/29/1982,12.82353461
2000002,02/26/1982,12.718902113
2000002,03/31/1982,13.561813254
2000002,04/30/1982,12.614296604
2000002,05/28/1982,11.788866498
2000002,06/30/1982,13.121416444
2000002,07/30/1982,10.423798915
2000002,08/31/1982,8.5897030897
2000002,09/30/1982,7.7805371594
2000002,10/29/1982,8.0588408162
2000002,11/30/1982,8.4549994653
2000002,12/31/1982,8.0795302308
2000002,01/31/1983,8.2591675924
2000002,02/28/1983,8.1038504651
2000002,03/31/1983,8.8363413485
2000002,04/29/1983,8.2553977014
2000002,05/31/1983,8.8592511231
2000002,06/30/1983,8.9814742854
2000002,07/29/1983,9.447104858
2000002,08/31/1983,9.4807235856
2000002,09/30/1983,8.9078097425
2000002,10/31/1983,8.68403077
2000002,11/30/1983,9.0966893005
2000002,12/30/1983,9.1773603983
2000002,01/31/1984,9.1082186049
2000002,02/29/1984,9.366503277
2000002,03/30/1984,9.9663227964
2000002,04/30/1984,9.961418667
2000002,05/31/1984,9.9988758636
2000002,06/29/1984,10.174200815
2000002,07/31/1984,10.678270852
2000002,08/31/1984,10.902604764
2000002,09/28/1984,10.423790593
2000002,10/31/1984,9.2212097886
2000002,11/30/1984,8.6384422661
2000002,12/31/1984,8.031379427
2000002,01/31/1985,8.235641574
2000002,02/28/1985,8.7016290826
2000002,03/29/1985,8.3588910011
2000002,04/30/1985,8.0201399465
2000002,05/31/1985,7.2839221234
2000002,06/28/1985,6.9743407064
2000002,07/31/1985,7.4299738573
2000002,08/30/1985,7.294965834
2000002,09/30/1985,7.2351784478
2000002,10/31/1985,7.3465963087
2000002,11/29/1985,7.3148891372
2000002,12/31/1985,7.2034891431
2000002,01/31/1986,7.1187874415
2000002,02/28/1986,7.1703704883
2000002,03/31/1986,6.471557698
2000002,04/30/1986,6.2231363056
2000002,05/30/1986,6.4280350466
2000002,06/30/1986,6.1005928205
2000002,07/31/1986,5.9035121619
2000002,08/29/1986,5.2558206231
2000002,09/30/1986,5.2980650781
2000002,10/31/1986,5.2965213488
2000002,11/28/1986,5.4917375076
2000002,12/31/1986,5.7805067722
2000002,01/30/1987,5.7076123345
2000002,02/27/1987,5.5534069482
2000002,03/31/1987,5.7192468114
2000002,04/30/1987,5.6257892121
2000002,05/29/1987,5.7898813824
2000002,06/30/1987,5.8427108786
2000002,07/31/1987,6.1911821518
2000002,08/31/1987,6.2963429096
2000002,09/30/1987,6.7487498159
2000002,10/30/1987,5.3684246972
2000002,11/30/1987,5.5448268941
2000002,12/31/1987,5.7903469319
2000002,01/29/1988,5.7487529993
2000002,02/29/1988,5.7268257048
2000002,03/31/1988,5.8212077501
2000002,04/29/1988,6.098543148
2000002,05/31/1988,6.6668612547
2000002,06/30/1988,6.6965579071
2000002,07/29/1988,7.0981469799
2000002,08/31/1988,7.4609667334
2000002,09/30/1988,7.4078002384
2000002,10/31/1988,7.5190571951
2000002,11/30/1988,8.0037343503
2000002,12/30/1988,8.2864410557
2000002,01/31/1989,8.589704427
2000002,02/28/1989,8.9214681514
2000002,03/31/1989,9.1151436881
2000002,04/28/1989,8.607363672
2000002,05/31/1989,8.8166889024
2000002,06/30/1989,8.1726291077
2000002,07/31/1989,7.9734859382
2000002,08/31/1989,8.07008755
2000002,09/29/1989,8.0898753339
2000002,10/31/1989,7.9477091796
2000002,11/30/1989,7.7598590901
2000002,12/29/1989,7.7228590456
2000002,01/31/1990,7.9158072945
2000002,02/28/1990,7.9468381481
2000002,03/30/1990,7.9761164595
2000002,04/30/1990,7.9631526411
2000002,05/31/1990,7.9252844084
2000002,06/29/1990,7.9140796112
2000002,07/31/1990,7.6581197093
2000002,08/31/1990,7.5523870075
2000002,09/28/1990,7.2942324993
2000002,10/31/1990,7.2647193972
2000002,11/30/1990,7.1703766801
2000002,12/31/1990,6.5704887653
2000002,01/31/1991,6.3152904578
2000002,02/28/1991,6.1608233737
2000002,03/28/1991,5.8520675512
2000002,04/30/1991,5.6163837775
2000002,05/31/1991,5.6356426612
2000002,06/28/1991,5.645923555
2000002,07/31/1991,5.6365170367
2000002,08/30/1991,5.4304852621
2000002,09/30/1991,5.2029628643
2000002,10/31/1991,4.9066956753
2000002,11/29/1991,4.4243233727
2000002,12/31/1991,3.9230135421
2000002,01/31/1992,3.9019047679
2000002,02/28/1992,3.9940474
2000002,03/31/1992,4.1176358797
2000002,04/30/1992,3.7588075185
2000002,05/29/1992,3.7586133829
2000002,06/30/1992,3.6261443409
2000002,07/31/1992,3.2268310517
2000002,08/31/1992,3.2061094234
2000002,09/30/1992,2.7265699039
2000002,10/30/1992,3.002055961
2000002,11/30/1992,3.3183666087
2000002,12/31/1992,3.1247792091
2000002,01/29/1993,2.9407752785
2000002,02/26/1993,2.9918418708
2000002,03/31/1993,2.9307986178
2000002,04/30/1993,2.9509880826
2000002,05/28/1993,3.1042110133
2000002,06/30/1993,3.0738212958
2000002,07/30/1993,3.0735617957
2000002,08/31/1993,3.0527462923
2000002,09/30/1993,2.9613215627
2000002,10/29/1993,3.0735617957
2000002,11/30/1993,3.1863718895
2000002,12/31/1993,3.0531302707
2000002,01/31/1994,3.0016847364
2000002,02/28/1994,3.4103512984
2000002,03/31/1994,3.5337149948
2000002,04/29/1994,3.9326166525
2000002,05/31/1994,4.2816032639
2000002,06/30/1994,4.219617863
2000002,07/29/1994,4.3423308416
2000002,08/31/1994,4.6402247837
2000002,09/30/1994,4.7524593648
2000002,10/31/1994,5.1208476203
2000002,11/30/1994,5.6673701203
2000002,12/30/1994,5.6356426612
2000002,01/31/1995,5.945642553
2000002,02/28/1995,5.8735935887
2000002,03/31/1995,5.8104533092
2000002,04/28/1995,5.8001682438
2000002,05/31/1995,5.7393699808
2000002,06/30/1995,5.5431263438
2000002,07/31/1995,5.5213113277
2000002,08/31/1995,5.3893789966
2000002,09/29/1995,5.3376100571
2000002,10/31/1995,5.4210169944
2000002,11/30/1995,5.4202083008
2000002,12/29/1995,5.0500621087
2000002,01/31/1996,4.9994232407
2000002,02/29/1996,4.9785478776
2000002,03/29/1996,5.0911279068
2000002,04/30/1996,5.1024692953
2000002,05/31/1996,5.1321978636
2000002,06/28/1996,5.1321978636
2000002,07/31/1996,5.2767415684
2000002,08/30/1996,5.2455402343
2000002,09/30/1996,4.9977048818
2000002,10/31/1996,5.1120218404
2000002,11/29/1996,5.0911279068
2000002,12/31/1996,5.1409895478
2000002,01/31/1997,5.1219299845
2000002,02/28/1997,5.1938105982
2000002,03/31/1997,5.2850941836
2000002,04/30/1997,5.2664670616
2000002,05/30/1997,5.1501672776
2000002,06/30/1997,5.1439409083
2000002,07/31/1997,5.1993172987
2000002,08/29/1997,5.1813431512
2000002,09/30/1997,5.0079653964
2000002,10/31/1997,5.1630030609
2000002,11/28/1997,5.2605682918
2000002,12/31/1997,5.3101355527
2000002,01/30/1998,5.1501672776
2000002,02/27/1998,5.2785433947
2000002,03/31/1998,5.1307171108
2000002,04/30/1998,4.9426201675
2000002,05/29/1998,4.9807730021
2000002,06/30/1998,5.0434122502
2000002,07/31/1998,5.0397963089
2000002,08/31/1998,4.8210700973
2000002,09/30/1998,4.3095367018
2000002,10/30/1998,4.3064643212
2000002,11/30/1998,4.4619417938
2000002,12/31/1998,4.4322811057
2000002,01/29/1999,4.4345736047
2000002,02/26/1999,4.6396326689
2000002,03/31/1999,4.4504940391
2000002,04/30/1999,4.5140216883
2000002,05/28/1999,4.6088671987
2000002,06/30/1999,4.7402545368
2000002,07/30/1999,4.7062991952
2000002,08/31/1999,4.8925490742
2000002,09/30/1999,4.8040719949
2000002,10/29/1999,5.0474956344
2000002,11/30/1999,5.2514352294
2000002,12/31/1999,5.3273369761
2000002,01/31/2000,5.6343317768
2000002,02/29/2000,5.7295353279
2000002,03/31/2000,5.8181672794
2000002,04/28/2000,5.7770278004
2000002,05/31/2000,5.5799592811
2000002,06/30/2000,5.8258813964
2000002,07/31/2000,6.169022813
2000002,08/31/2000,6.2560710444
2000002,09/29/2000,6.157727309
2000002,10/31/2000,6.2893922489
2000002,11/30/2000,6.1582494262
2000002,12/29/2000,5.8438815732
2000002,01/31/2001,4.9583555249
2000002,02/28/2001,4.8300463061
2000002,03/30/2001,4.2704985103
2000002,04/30/2001,3.8629029315
2000002,05/31/2001,3.6027640417
2000002,06/29/2001,3.6281599062
2000002,07/31/2001,3.5187125631
2000002,08/31/2001,3.3418210184
2000002,09/28/2001,2.3412239852
2000002,10/31/2001,2.0253344436
2000002,11/30/2001,1.7832899594
2000002,12/31/2001,1.7118906288
2000002,01/31/2002,1.7578742262
2000002,02/28/2002,1.7553283788
2000002,03/28/2002,1.783333588
2000002,04/30/2002,1.7503207871
2000002,05/31/2002,1.7221931459
2000002,06/28/2002,1.6865575881
2000002,07/31/2002,1.6917267064
2000002,08/30/2002,1.6662339016
2000002,09/30/2002,1.5414045096
2000002,10/31/2002,1.4346808364
2000002,11/29/2002,1.2184953249
2000002,12/31/2002,1.1931311871
2000002,01/31/2003,1.1676515267
2000002,02/28/2003,1.2057837778
2000002,03/31/2003,1.1015142074
2000002,04/30/2003,1.1117646038
2000002,05/30/2003,1.11173071
2000002,06/30/2003,0.8983300124
2000002,07/31/2003,0.9389453689
2000002,08/29/2003,0.9872208669
2000002,09/30/2003,0.9364407792
2000002,10/31/2003,0.9338521199
2000002,11/28/2003,0.9236899851
2000002,12/31/2003,0.9338760316
2000002,01/30/2004,0.9084472604
2000002,02/27/2004,0.9440145093
2000002,03/31/2004,0.9338760316
2000002,04/30/2004,0.9643400521
2000002,05/28/2004,1.0710658676
2000002,06/30/2004,1.2617612275
2000002,07/30/2004,1.4321089108
2000002,08/31/2004,1.5950423595
2000002,09/30/2004,1.6993238259
2000002,10/29/2004,1.8978712987
2000002,11/30/2004,2.2216232062
2000002,12/31/2004,2.2214200145
2000002,01/31/2005,2.4608139758
2000002,02/28/2005,2.7388160952
2000002,03/31/2005,2.7673020867
2000002,04/29/2005,2.8897151156
2000002,05/31/2005,2.964116369
2000002,06/30/2005,3.091571483
2000002,07/29/2005,3.385270159
2000002,08/31/2005,3.4929702651
2000002,09/30/2005,3.5335434457
2000002,10/31/2005,3.9334670669
2000002,11/30/2005,3.9330417984
2000002,12/30/2005,4.0606078787
2000002,01/31/2006,4.4456391789
2000002,02/28/2006,4.5969205466
2000002,03/31/2006,4.5781040622
2000002,04/28/2006,4.7345075634
2000002,05/31/2006,4.814651988
2000002,06/30/2006,4.9525475004
2000002,07/31/2006,5.0644027118
2000002,08/31/2006,4.9965129396
2000002,09/29/2006,4.8550563335
2000002,10/31/2006,5.0408447542
2000002,11/30/2006,4.9990794427
2000002,12/29/2006,4.9884712072
2000002,01/31/2007,5.0713019736
2000002,02/28/2007,5.096976106
2000002,03/30/2007,4.9987357079
2000002,04/30/2007,4.8768870813
2000002,05/31/2007,4.691216265
2000002,06/29/2007,4.7627178937
2000002,07/31/2007,4.9022249043
2000002,08/31/2007,4.1169368173
2000002,09/28/2007,3.7790804814
2000002,10/31/2007,3.8920843133
2000002,11/30/2007,3.1348625473
2000002,12/31/2007,3.2264020822
2000002,01/31/2008,1.9310297631
2000002,02/29/2008,1.8291186105
2000002,03/31/2008,1.3099596288
2000002,04/30/2008,1.381290658
2000002,05/30/2008,1.8800454085
2000002,06/30/2008,1.7271614228
2000002,07/31/2008,1.6662339016
2000002,08/29/2008,1.7171426081
2000002,09/30/2008,0.6697008952
2000002,10/31/2008,0.4362067254
2000002,11/28/2008,0.0304178073
2000002,12/31/2008,0.1115434566
2000002,01/30/2009,0.2408701265
2000002,02/27/2009,0.2535514653
2000002,03/31/2009,0.2028301801
2000002,04/30/2009,0.1267561379
2000002,05/29/2009,0.1318269786
2000002,06/30/2009,0.185078354
2000002,07/31/2009,0.1774693798
2000002,08/31/2009,0.1368975893
2000002,09/30/2009,0.1115434566
2000002,10/30/2009,0.0456275666
2000002,11/30/2009,0.0506975075
2000002,12/31/2009,0.0557677656
2000002,01/29/2010,0.0760487965
2000002,02/26/2010,0.1166139863
2000002,03/31/2010,0.1521124901
2000002,04/30/2010,0.157183234
2000002,05/28/2010,0.157183234
2000002,06/30/2010,0.1723985626
2000002,07/30/2010,0.1419692905
2000002,08/31/2010,0.1166134274
2000002,09/30/2010,0.1571835725
2000002,10/29/2010,0.1166139863
2000002,11/30/2010,0.1673273308
2000002,12/31/2010,0.1216849203
2000002,01/31/2011,0.1419684621
2000002,02/28/2011,0.1368973326
2000002,03/31/2011,0.0937956883
2000002,04/29/2011,0.0405575835
2000002,05/31/2011,0.0506977187
2000002,06/30/2011,0.0152086217
2000002,07/29/2011,0.0937955678
2000002,08/31/2011,0.0101390184
2000002,09/30/2011,0.0202782847
2000002,10/31/2011,0.0025347299
2000002,11/30/2011,0
2000002,12/30/2011,0.0101390156
2000002,01/31/2012,0.0557678508
2000002,02/29/2012,0.0760489549
2000002,03/30/2012,0.070978433
2000002,04/30/2012,0.0912599249
2000002,05/31/2012,0.0659081925
2000002,06/29/2012,0.0836544605
2000002,07/31/2012,0.0988666182
2000002,08/31/2012,0.0861897135
2000002,09/28/2012,0.0912602672
2000002,10/31/2012,0.1115434566
2000002,11/30/2012,0.0760487965
2000002,12/31/2012,0.045627481
2000002,01/31/2013,0.0735136809
2000002,02/28/2013,0.1064724637
2000002,03/28/2013,0.0760488757
2000002,04/30/2013,0.0532327766
2000002,05/31/2013,0.0354876637
2000002,06/28/2013,0.0354876637
2000002,07/31/2013,0.0354876982
2000002,08/30/2013,0.0228131488
2000002,09/30/2013,0.015208609
2000002,10/31/2013,0.035487681
2000002,11/29/2013,0.0608378963
2000002,12/31/2013,0.0684434676
2000002,01/31/2014,0.0152086185
2000002,02/28/2014,0.0506976131
2000002,03/31/2014,0.0304177693
2000002,04/30/2014,0.0304178327
2000002,05/30/2014,0.0304178073
2000002,06/30/2014,0.0228131202
2000002,07/31/2014,0.0228131488
2000002,08/29/2014,0.0253480232
2000002,09/30/2014,0.0101390114
2000002,10/31/2014,0.0101390156
2000002,11/28/2014,0.0101390156
2000002,12/31/2014,0.0405576285
2000002,01/30/2015,0.0050694761
2000003,,
2000004,,
2000005,,
2000006,,
2000007,,
2000008,,
2000009,,
2000010,,
2000011,,
2000012,,
2000013,,
2000014,,
2000015,,
2000016,,
2000017,,
2000018,,
2000019,,
2000020,,
2000021,,
2000022,,
2000023,,
2000024,,
2000025,,
2000026,,
2000027,,
2000028,,
2000029,,
2000030,,
2000031,,
2000032,,
2000033,,
2000034,,
2000035,,
2000036,,
2000037,,
2000038,,
2000039,,
2000040,,
2000041,,
2000042,,
2000043,,
2000044,,
2000047,,
2000048,,
2000049,,
2000050,,
2000051,,
2000052,,
2000053,,
2000054,,
2000055,,
2000056,,
2000057,,
2000058,,
2000059,,
2000060,,
2000061,,
2000062,,
2000063,,
2000064,,
2000065,,
2000066,,
2000067,,
2000068,,
2000069,,
2000070,,
2000071,,
2000072,,
2000073,,
2000074,,
2000075,,
2000076,,
2000077,,
2000078,,
2000079,,
2000080,,
2000081,,
2000082,,
2000083,,
2000084,,
2000085,,
2000086,,
2000087,,
2000088,,
2000089,,
2000090,,
